ISO-10303-21;
HEADER;
FILE_DESCRIPTION( ( 'STEP AP203' ), '1' );
FILE_NAME( 'e:/temp/worker_338/temp/exporttempdir_8796_497_nfZ3Y/format_0/BSP10-25 (15).stp', '2022-03-01T17:25:39', ( 'License CC BY-ND 4.0' ), ( 'CADENAS' ), ' ', 'PARTsolutions', ' ' );
FILE_SCHEMA( ( 'CONFIG_CONTROL_DESIGN' ) );
ENDSEC;
DATA;
#1 = DESIGN_CONTEXT( '', #70, 'design' );
#2 = APPLICATION_PROTOCOL_DEFINITION( 'international standard', 'config_control_design', 1994, #70 );
#3 = PRODUCT_CATEGORY_RELATIONSHIP( 'NONE', 'NONE', #71, #72 );
#4 = DATE_AND_TIME( #73, #74 );
#5 = DATE_TIME_ROLE( 'creation_date' );
#6 = DATE_TIME_ROLE( 'classification_date' );
#7 = PERSON_AND_ORGANIZATION_ROLE( 'creator' );
#8 = PERSON_AND_ORGANIZATION_ROLE( 'design_supplier' );
#9 = PERSON_AND_ORGANIZATION_ROLE( 'classification_officer' );
#10 = PERSON_AND_ORGANIZATION_ROLE( 'design_owner' );
#11 = APPROVAL_PERSON_ORGANIZATION( #75, #76, #77 );
#12 = APPROVAL_DATE_TIME( #4, #76 );
#13 = CC_DESIGN_APPROVAL( #76, ( #78, #79, #80 ) );
#14 = CC_DESIGN_DATE_AND_TIME_ASSIGNMENT( #4, #5, ( #80 ) );
#15 = CC_DESIGN_DATE_AND_TIME_ASSIGNMENT( #4, #6, ( #78 ) );
#16 = CC_DESIGN_PERSON_AND_ORGANIZATION_ASSIGNMENT( #75, #10, ( #81 ) );
#17 = CC_DESIGN_PERSON_AND_ORGANIZATION_ASSIGNMENT( #75, #7, ( #80 ) );
#18 = CC_DESIGN_PERSON_AND_ORGANIZATION_ASSIGNMENT( #75, #7, ( #79 ) );
#19 = CC_DESIGN_PERSON_AND_ORGANIZATION_ASSIGNMENT( #75, #8, ( #79 ) );
#20 = CC_DESIGN_SECURITY_CLASSIFICATION( #78, ( #79 ) );
#21 = CC_DESIGN_PERSON_AND_ORGANIZATION_ASSIGNMENT( #75, #9, ( #78 ) );
#22 = SHAPE_DEFINITION_REPRESENTATION( #82, #83 );
#23 = PRODUCT_CATEGORY_RELATIONSHIP( 'NONE', 'NONE', #71, #84 );
#24 = DATE_AND_TIME( #85, #86 );
#25 = APPROVAL_DATE_TIME( #24, #76 );
#26 = CC_DESIGN_APPROVAL( #76, ( #78, #87, #88 ) );
#27 = CC_DESIGN_DATE_AND_TIME_ASSIGNMENT( #24, #5, ( #88 ) );
#28 = CC_DESIGN_DATE_AND_TIME_ASSIGNMENT( #24, #6, ( #78 ) );
#29 = CC_DESIGN_PERSON_AND_ORGANIZATION_ASSIGNMENT( #75, #10, ( #89 ) );
#30 = CC_DESIGN_PERSON_AND_ORGANIZATION_ASSIGNMENT( #75, #7, ( #88 ) );
#31 = CC_DESIGN_PERSON_AND_ORGANIZATION_ASSIGNMENT( #75, #7, ( #87 ) );
#32 = CC_DESIGN_PERSON_AND_ORGANIZATION_ASSIGNMENT( #75, #8, ( #87 ) );
#33 = CC_DESIGN_SECURITY_CLASSIFICATION( #78, ( #87 ) );
#34 = CONTEXT_DEPENDENT_SHAPE_REPRESENTATION( #90, #91 );
#35 = SHAPE_DEFINITION_REPRESENTATION( #92, #93 );
#36 = SHAPE_REPRESENTATION_RELATIONSHIP( 'NONE', 'NONE', #93, #94 );
#37 = PRODUCT_CATEGORY_RELATIONSHIP( 'NONE', 'NONE', #71, #95 );
#38 = DATE_AND_TIME( #96, #97 );
#39 = APPROVAL_DATE_TIME( #38, #76 );
#40 = CC_DESIGN_APPROVAL( #76, ( #78, #98, #99 ) );
#41 = CC_DESIGN_DATE_AND_TIME_ASSIGNMENT( #38, #5, ( #99 ) );
#42 = CC_DESIGN_DATE_AND_TIME_ASSIGNMENT( #38, #6, ( #78 ) );
#43 = CC_DESIGN_PERSON_AND_ORGANIZATION_ASSIGNMENT( #75, #10, ( #100 ) );
#44 = CC_DESIGN_PERSON_AND_ORGANIZATION_ASSIGNMENT( #75, #7, ( #99 ) );
#45 = CC_DESIGN_PERSON_AND_ORGANIZATION_ASSIGNMENT( #75, #7, ( #98 ) );
#46 = CC_DESIGN_PERSON_AND_ORGANIZATION_ASSIGNMENT( #75, #8, ( #98 ) );
#47 = CC_DESIGN_SECURITY_CLASSIFICATION( #78, ( #98 ) );
#48 = CONTEXT_DEPENDENT_SHAPE_REPRESENTATION( #101, #102 );
#49 = SHAPE_DEFINITION_REPRESENTATION( #103, #104 );
#50 = SHAPE_REPRESENTATION_RELATIONSHIP( 'NONE', 'NONE', #104, #105 );
#51 = CONTEXT_DEPENDENT_SHAPE_REPRESENTATION( #106, #107 );
#52 = PRODUCT_CATEGORY_RELATIONSHIP( 'NONE', 'NONE', #71, #108 );
#53 = DATE_AND_TIME( #109, #110 );
#54 = APPROVAL_DATE_TIME( #53, #76 );
#55 = CC_DESIGN_APPROVAL( #76, ( #78, #111, #112 ) );
#56 = CC_DESIGN_DATE_AND_TIME_ASSIGNMENT( #53, #5, ( #112 ) );
#57 = CC_DESIGN_DATE_AND_TIME_ASSIGNMENT( #53, #6, ( #78 ) );
#58 = CC_DESIGN_PERSON_AND_ORGANIZATION_ASSIGNMENT( #75, #10, ( #113 ) );
#59 = CC_DESIGN_PERSON_AND_ORGANIZATION_ASSIGNMENT( #75, #7, ( #112 ) );
#60 = CC_DESIGN_PERSON_AND_ORGANIZATION_ASSIGNMENT( #75, #7, ( #111 ) );
#61 = CC_DESIGN_PERSON_AND_ORGANIZATION_ASSIGNMENT( #75, #8, ( #111 ) );
#62 = CC_DESIGN_SECURITY_CLASSIFICATION( #78, ( #111 ) );
#63 = CONTEXT_DEPENDENT_SHAPE_REPRESENTATION( #114, #115 );
#64 = SHAPE_DEFINITION_REPRESENTATION( #116, #117 );
#65 = SHAPE_REPRESENTATION_RELATIONSHIP( 'NONE', 'NONE', #117, #118 );
#66 =  ( GEOMETRIC_REPRESENTATION_CONTEXT( 3 )GLOBAL_UNCERTAINTY_ASSIGNED_CONTEXT( ( #121 ) )GLOBAL_UNIT_ASSIGNED_CONTEXT( ( #123, #124, #125 ) )REPRESENTATION_CONTEXT( 'NONE', 'WORKSPACE' ) );
#70 = APPLICATION_CONTEXT( 'configuration controlled 3D designs of mechanical parts and assemblies' );
#71 = PRODUCT_CATEGORY( 'part', 'NONE' );
#72 = PRODUCT_RELATED_PRODUCT_CATEGORY( 'detail', ' ', ( #81 ) );
#73 = CALENDAR_DATE( 2022, 1, 2 );
#74 = LOCAL_TIME( 18, 25, 39.0000000000000, #127 );
#75 = PERSON_AND_ORGANIZATION( #128, #129 );
#76 = APPROVAL( #130, 'SOLID MODEL' );
#77 = APPROVAL_ROLE( 'APPROVED' );
#78 = SECURITY_CLASSIFICATION( '', '', #131 );
#79 = PRODUCT_DEFINITION_FORMATION_WITH_SPECIFIED_SOURCE( ' ', 'NONE', #81, .NOT_KNOWN. );
#80 = PRODUCT_DEFINITION( 'NONE', 'NONE', #79, #1 );
#81 = PRODUCT( 'BSP10-25 (15)', 'BSP10-25 (15)', 'PART-BSP10-25 (15)-DESC', ( #132 ) );
#82 = PRODUCT_DEFINITION_SHAPE( 'NONE', 'NONE', #80 );
#83 = SHAPE_REPRESENTATION( 'BSP10-25 (15)', ( #133, #134, #135, #136, #137 ), #138 );
#84 = PRODUCT_RELATED_PRODUCT_CATEGORY( 'detail', ' ', ( #89 ) );
#85 = CALENDAR_DATE( 2022, 1, 2 );
#86 = LOCAL_TIME( 18, 25, 39.0000000000000, #139 );
#87 = PRODUCT_DEFINITION_FORMATION_WITH_SPECIFIED_SOURCE( ' ', 'NONE', #89, .NOT_KNOWN. );
#88 = PRODUCT_DEFINITION( '_BSP-SL1025 Table', '_BSP-SL1025 Table', #87, #1 );
#89 = PRODUCT( '_BSP-SL1025 Table', '_BSP-SL1025 Table', 'PART-_BSP-SL1025 Table-DESC', ( #132 ) );
#90 = ( REPRESENTATION_RELATIONSHIP( '', '', #93, #83 )REPRESENTATION_RELATIONSHIP_WITH_TRANSFORMATION( #142 )SHAPE_REPRESENTATION_RELATIONSHIP(  ) );
#91 = PRODUCT_DEFINITION_SHAPE( 'NAUO-PROD-DEF', 'NAUO-PROD-DEF', #144 );
#92 = PRODUCT_DEFINITION_SHAPE( 'NONE', 'NONE', #88 );
#93 = SHAPE_REPRESENTATION( '_BSP-SL1025 Table', ( #133 ), #138 );
#94 = ADVANCED_BREP_SHAPE_REPRESENTATION( '_BSP-SL1025 Table', ( #145 ), #66 );
#95 = PRODUCT_RELATED_PRODUCT_CATEGORY( 'detail', ' ', ( #100 ) );
#96 = CALENDAR_DATE( 2022, 1, 2 );
#97 = LOCAL_TIME( 18, 25, 39.0000000000000, #146 );
#98 = PRODUCT_DEFINITION_FORMATION_WITH_SPECIFIED_SOURCE( ' ', 'NONE', #100, .NOT_KNOWN. );
#99 = PRODUCT_DEFINITION( '_BSP1015.3 Retainer', '_BSP1015.3 Retainer', #98, #1 );
#100 = PRODUCT( '_BSP1015.3 Retainer', '_BSP1015.3 Retainer', 'PART-_BSP1015.3 Retainer-DESC', ( #132 ) );
#101 = ( REPRESENTATION_RELATIONSHIP( '', '', #104, #83 )REPRESENTATION_RELATIONSHIP_WITH_TRANSFORMATION( #149 )SHAPE_REPRESENTATION_RELATIONSHIP(  ) );
#102 = PRODUCT_DEFINITION_SHAPE( 'NAUO-PROD-DEF', 'NAUO-PROD-DEF', #151 );
#103 = PRODUCT_DEFINITION_SHAPE( 'NONE', 'NONE', #99 );
#104 = SHAPE_REPRESENTATION( '_BSP1015.3 Retainer', ( #133 ), #138 );
#105 = ADVANCED_BREP_SHAPE_REPRESENTATION( '_BSP1015.3 Retainer', ( #152 ), #66 );
#106 = ( REPRESENTATION_RELATIONSHIP( '', '', #104, #83 )REPRESENTATION_RELATIONSHIP_WITH_TRANSFORMATION( #155 )SHAPE_REPRESENTATION_RELATIONSHIP(  ) );
#107 = PRODUCT_DEFINITION_SHAPE( 'NAUO-PROD-DEF', 'NAUO-PROD-DEF', #157 );
#108 = PRODUCT_RELATED_PRODUCT_CATEGORY( 'detail', ' ', ( #113 ) );
#109 = CALENDAR_DATE( 2022, 1, 2 );
#110 = LOCAL_TIME( 18, 25, 39.0000000000000, #158 );
#111 = PRODUCT_DEFINITION_FORMATION_WITH_SPECIFIED_SOURCE( ' ', 'NONE', #113, .NOT_KNOWN. );
#112 = PRODUCT_DEFINITION( '_BSP1025Rail', '_BSP1025Rail', #111, #1 );
#113 = PRODUCT( '_BSP1025Rail', '_BSP1025Rail', 'PART-_BSP1025Rail-DESC', ( #132 ) );
#114 = ( REPRESENTATION_RELATIONSHIP( '', '', #117, #83 )REPRESENTATION_RELATIONSHIP_WITH_TRANSFORMATION( #161 )SHAPE_REPRESENTATION_RELATIONSHIP(  ) );
#115 = PRODUCT_DEFINITION_SHAPE( 'NAUO-PROD-DEF', 'NAUO-PROD-DEF', #163 );
#116 = PRODUCT_DEFINITION_SHAPE( 'NONE', 'NONE', #112 );
#117 = SHAPE_REPRESENTATION( '_BSP1025Rail', ( #133 ), #138 );
#118 = ADVANCED_BREP_SHAPE_REPRESENTATION( '_BSP1025Rail', ( #164 ), #66 );
#121 = UNCERTAINTY_MEASURE_WITH_UNIT( LENGTH_MEASURE( 0.00100000000000000 ), #123, '', '' );
#123 =  ( CONVERSION_BASED_UNIT( 'MILLIMETRE', #167 )LENGTH_UNIT(  )NAMED_UNIT( #170 ) );
#124 =  ( NAMED_UNIT( #172 )PLANE_ANGLE_UNIT(  )SI_UNIT( $, .RADIAN. ) );
#125 =  ( NAMED_UNIT( #172 )SI_UNIT( $, .STERADIAN. )SOLID_ANGLE_UNIT(  ) );
#127 = COORDINATED_UNIVERSAL_TIME_OFFSET( 1, 0, .AHEAD. );
#128 = PERSON( '', 'UNSPECIFIED', $, $, $, $ );
#129 = ORGANIZATION( 'UNSPECIFIED', 'UNSPECIFIED', 'UNSPECIFIED' );
#130 = APPROVAL_STATUS( 'approved' );
#131 = SECURITY_CLASSIFICATION_LEVEL( 'unclassified' );
#132 = MECHANICAL_CONTEXT( '', #70, 'mechanical' );
#133 = AXIS2_PLACEMENT_3D( '', #178, #179, #180 );
#134 = AXIS2_PLACEMENT_3D( '', #181, #182, #183 );
#135 = AXIS2_PLACEMENT_3D( '', #184, #185, #186 );
#136 = AXIS2_PLACEMENT_3D( '', #187, #188, #189 );
#137 = AXIS2_PLACEMENT_3D( '', #190, #191, #192 );
#138 =  ( GEOMETRIC_REPRESENTATION_CONTEXT( 3 )GLOBAL_UNCERTAINTY_ASSIGNED_CONTEXT( ( #195 ) )GLOBAL_UNIT_ASSIGNED_CONTEXT( ( #197, #198, #199 ) )REPRESENTATION_CONTEXT( 'NONE', 'WORKSPACE' ) );
#139 = COORDINATED_UNIVERSAL_TIME_OFFSET( 1, 0, .AHEAD. );
#142 = ITEM_DEFINED_TRANSFORMATION( '', '', #133, #134 );
#144 = NEXT_ASSEMBLY_USAGE_OCCURRENCE( 'NAUO1', '_BSP-SL1025 Table', '_BSP-SL1025 Table', #80, #88, $ );
#145 = MANIFOLD_SOLID_BREP( '_BSP-SL1025 Table', #201 );
#146 = COORDINATED_UNIVERSAL_TIME_OFFSET( 1, 0, .AHEAD. );
#149 = ITEM_DEFINED_TRANSFORMATION( '', '', #133, #135 );
#151 = NEXT_ASSEMBLY_USAGE_OCCURRENCE( 'NAUO2', '_BSP1015.3 Retainer', '_BSP1015.3 Retainer', #80, #99, $ );
#152 = MANIFOLD_SOLID_BREP( '_BSP1015.3 Retainer', #202 );
#155 = ITEM_DEFINED_TRANSFORMATION( '', '', #133, #136 );
#157 = NEXT_ASSEMBLY_USAGE_OCCURRENCE( 'NAUO3', '_BSP1015.3 Retainer', '_BSP1015.3 Retainer', #80, #99, $ );
#158 = COORDINATED_UNIVERSAL_TIME_OFFSET( 1, 0, .AHEAD. );
#161 = ITEM_DEFINED_TRANSFORMATION( '', '', #133, #137 );
#163 = NEXT_ASSEMBLY_USAGE_OCCURRENCE( 'NAUO4', '_BSP1025Rail', '_BSP1025Rail', #80, #112, $ );
#164 = MANIFOLD_SOLID_BREP( '_BSP1025Rail', #203 );
#167 = LENGTH_MEASURE_WITH_UNIT( LENGTH_MEASURE( 1.00000000000000 ), #204 );
#170 = DIMENSIONAL_EXPONENTS( 1.00000000000000, 0.000000000000000, 0.000000000000000, 0.000000000000000, 0.000000000000000, 0.000000000000000, 0.000000000000000 );
#172 = DIMENSIONAL_EXPONENTS( 0.000000000000000, 0.000000000000000, 0.000000000000000, 0.000000000000000, 0.000000000000000, 0.000000000000000, 0.000000000000000 );
#178 = CARTESIAN_POINT( '', ( 0.000000000000000, 0.000000000000000, 0.000000000000000 ) );
#179 = DIRECTION( '', ( 0.000000000000000, 0.000000000000000, 1.00000000000000 ) );
#180 = DIRECTION( '', ( 1.00000000000000, 0.000000000000000, 0.000000000000000 ) );
#181 = CARTESIAN_POINT( '', ( 0.000000000000000, 0.000000000000000, 0.000000000000000 ) );
#182 = DIRECTION( '', ( 0.000000000000000, 0.000000000000000, 1.00000000000000 ) );
#183 = DIRECTION( '', ( 1.00000000000000, 0.000000000000000, 0.000000000000000 ) );
#184 = CARTESIAN_POINT( '', ( 20.1500000000000, -4.20000000000000, -3.00000000000000 ) );
#185 = DIRECTION( '', ( 0.000000000000000, 0.000000000000000, 1.00000000000000 ) );
#186 = DIRECTION( '', ( -1.00000000000000, 0.000000000000000, 0.000000000000000 ) );
#187 = CARTESIAN_POINT( '', ( 20.1500000000000, -4.20000000000000, 3.00000000000000 ) );
#188 = DIRECTION( '', ( 0.000000000000000, 0.000000000000000, 1.00000000000000 ) );
#189 = DIRECTION( '', ( -1.00000000000000, 0.000000000000000, 0.000000000000000 ) );
#190 = CARTESIAN_POINT( '', ( -4.53119315684521E-16, -6.00000000000000, 0.000000000000000 ) );
#191 = DIRECTION( '', ( 0.000000000000000, 0.000000000000000, 1.00000000000000 ) );
#192 = DIRECTION( '', ( 1.00000000000000, 0.000000000000000, 0.000000000000000 ) );
#195 = UNCERTAINTY_MEASURE_WITH_UNIT( LENGTH_MEASURE( 0.00100000000000000 ), #197, '', '' );
#197 =  ( CONVERSION_BASED_UNIT( 'MILLIMETRE', #207 )LENGTH_UNIT(  )NAMED_UNIT( #210 ) );
#198 =  ( NAMED_UNIT( #212 )PLANE_ANGLE_UNIT(  )SI_UNIT( $, .RADIAN. ) );
#199 =  ( NAMED_UNIT( #212 )SI_UNIT( $, .STERADIAN. )SOLID_ANGLE_UNIT(  ) );
#201 = CLOSED_SHELL( '', ( #218, #219, #220, #221, #222, #223, #224, #225, #226, #227, #228, #229, #230, #231, #232, #233, #234, #235, #236, #237, #238, #239, #240, #241, #242, #243, #244, #245, #246, #247, #248, #249, #250, #251, #252, #253, #254, #255, #256, #257, #258, #259, #260, #261, #262, #263, #264, #265, #266, #267 ) );
#202 = CLOSED_SHELL( '', ( #268, #269, #270, #271, #272, #273, #274, #275, #276, #277 ) );
#203 = CLOSED_SHELL( '', ( #278, #279, #280, #281, #282, #283, #284, #285, #286, #287, #288, #289, #290, #291, #292, #293, #294, #295, #296, #297, #298, #299, #300, #301, #302, #303, #304, #305, #306, #307, #308, #309, #310, #311, #312, #313, #314, #315, #316, #317, #318, #319 ) );
#204 =  ( LENGTH_UNIT(  )NAMED_UNIT( #170 )SI_UNIT( .MILLI., .METRE. ) );
#207 = LENGTH_MEASURE_WITH_UNIT( LENGTH_MEASURE( 1.00000000000000 ), #321 );
#210 = DIMENSIONAL_EXPONENTS( 1.00000000000000, 0.000000000000000, 0.000000000000000, 0.000000000000000, 0.000000000000000, 0.000000000000000, 0.000000000000000 );
#212 = DIMENSIONAL_EXPONENTS( 0.000000000000000, 0.000000000000000, 0.000000000000000, 0.000000000000000, 0.000000000000000, 0.000000000000000, 0.000000000000000 );
#218 = ADVANCED_FACE( '', ( #322 ), #323, .F. );
#219 = ADVANCED_FACE( '', ( #324 ), #325, .T. );
#220 = ADVANCED_FACE( '', ( #326 ), #327, .F. );
#221 = ADVANCED_FACE( '', ( #328, #329 ), #330, .F. );
#222 = ADVANCED_FACE( '', ( #331 ), #332, .F. );
#223 = ADVANCED_FACE( '', ( #333 ), #334, .F. );
#224 = ADVANCED_FACE( '', ( #335 ), #336, .F. );
#225 = ADVANCED_FACE( '', ( #337 ), #338, .T. );
#226 = ADVANCED_FACE( '', ( #339 ), #340, .T. );
#227 = ADVANCED_FACE( '', ( #341 ), #342, .F. );
#228 = ADVANCED_FACE( '', ( #343 ), #344, .T. );
#229 = ADVANCED_FACE( '', ( #345 ), #346, .T. );
#230 = ADVANCED_FACE( '', ( #347 ), #348, .F. );
#231 = ADVANCED_FACE( '', ( #349 ), #350, .F. );
#232 = ADVANCED_FACE( '', ( #351 ), #352, .F. );
#233 = ADVANCED_FACE( '', ( #353 ), #354, .F. );
#234 = ADVANCED_FACE( '', ( #355 ), #356, .F. );
#235 = ADVANCED_FACE( '', ( #357 ), #358, .F. );
#236 = ADVANCED_FACE( '', ( #359 ), #360, .F. );
#237 = ADVANCED_FACE( '', ( #361 ), #362, .F. );
#238 = ADVANCED_FACE( '', ( #363 ), #364, .T. );
#239 = ADVANCED_FACE( '', ( #365 ), #366, .F. );
#240 = ADVANCED_FACE( '', ( #367, #368, #369 ), #370, .F. );
#241 = ADVANCED_FACE( '', ( #371 ), #372, .T. );
#242 = ADVANCED_FACE( '', ( #373 ), #374, .F. );
#243 = ADVANCED_FACE( '', ( #375 ), #376, .F. );
#244 = ADVANCED_FACE( '', ( #377, #378 ), #379, .F. );
#245 = ADVANCED_FACE( '', ( #380 ), #381, .F. );
#246 = ADVANCED_FACE( '', ( #382 ), #383, .F. );
#247 = ADVANCED_FACE( '', ( #384 ), #385, .F. );
#248 = ADVANCED_FACE( '', ( #386, #387, #388 ), #389, .F. );
#249 = ADVANCED_FACE( '', ( #390 ), #391, .F. );
#250 = ADVANCED_FACE( '', ( #392 ), #393, .F. );
#251 = ADVANCED_FACE( '', ( #394 ), #395, .F. );
#252 = ADVANCED_FACE( '', ( #396 ), #397, .F. );
#253 = ADVANCED_FACE( '', ( #398, #399 ), #400, .F. );
#254 = ADVANCED_FACE( '', ( #401, #402 ), #403, .F. );
#255 = ADVANCED_FACE( '', ( #404, #405 ), #406, .F. );
#256 = ADVANCED_FACE( '', ( #407 ), #408, .T. );
#257 = ADVANCED_FACE( '', ( #409 ), #410, .F. );
#258 = ADVANCED_FACE( '', ( #411 ), #412, .T. );
#259 = ADVANCED_FACE( '', ( #413 ), #414, .T. );
#260 = ADVANCED_FACE( '', ( #415 ), #416, .F. );
#261 = ADVANCED_FACE( '', ( #417 ), #418, .F. );
#262 = ADVANCED_FACE( '', ( #419, #420 ), #421, .F. );
#263 = ADVANCED_FACE( '', ( #422, #423 ), #424, .F. );
#264 = ADVANCED_FACE( '', ( #425, #426 ), #427, .F. );
#265 = ADVANCED_FACE( '', ( #428 ), #429, .F. );
#266 = ADVANCED_FACE( '', ( #430 ), #431, .T. );
#267 = ADVANCED_FACE( '', ( #432 ), #433, .F. );
#268 = ADVANCED_FACE( '', ( #434 ), #435, .T. );
#269 = ADVANCED_FACE( '', ( #436 ), #437, .F. );
#270 = ADVANCED_FACE( '', ( #438 ), #439, .F. );
#271 = ADVANCED_FACE( '', ( #440 ), #441, .F. );
#272 = ADVANCED_FACE( '', ( #442 ), #443, .F. );
#273 = ADVANCED_FACE( '', ( #444 ), #445, .T. );
#274 = ADVANCED_FACE( '', ( #446 ), #447, .F. );
#275 = ADVANCED_FACE( '', ( #448 ), #449, .F. );
#276 = ADVANCED_FACE( '', ( #450 ), #451, .F. );
#277 = ADVANCED_FACE( '', ( #452 ), #453, .T. );
#278 = ADVANCED_FACE( '', ( #454 ), #455, .F. );
#279 = ADVANCED_FACE( '', ( #456 ), #457, .F. );
#280 = ADVANCED_FACE( '', ( #458 ), #459, .T. );
#281 = ADVANCED_FACE( '', ( #460, #461, #462 ), #463, .F. );
#282 = ADVANCED_FACE( '', ( #464 ), #465, .F. );
#283 = ADVANCED_FACE( '', ( #466, #467 ), #468, .F. );
#284 = ADVANCED_FACE( '', ( #469, #470 ), #471, .F. );
#285 = ADVANCED_FACE( '', ( #472 ), #473, .T. );
#286 = ADVANCED_FACE( '', ( #474 ), #475, .T. );
#287 = ADVANCED_FACE( '', ( #476 ), #477, .T. );
#288 = ADVANCED_FACE( '', ( #478 ), #479, .F. );
#289 = ADVANCED_FACE( '', ( #480 ), #481, .T. );
#290 = ADVANCED_FACE( '', ( #482 ), #483, .T. );
#291 = ADVANCED_FACE( '', ( #484 ), #485, .F. );
#292 = ADVANCED_FACE( '', ( #486 ), #487, .T. );
#293 = ADVANCED_FACE( '', ( #488 ), #489, .F. );
#294 = ADVANCED_FACE( '', ( #490 ), #491, .T. );
#295 = ADVANCED_FACE( '', ( #492 ), #493, .F. );
#296 = ADVANCED_FACE( '', ( #494 ), #495, .T. );
#297 = ADVANCED_FACE( '', ( #496 ), #497, .F. );
#298 = ADVANCED_FACE( '', ( #498 ), #499, .F. );
#299 = ADVANCED_FACE( '', ( #500 ), #501, .T. );
#300 = ADVANCED_FACE( '', ( #502 ), #503, .F. );
#301 = ADVANCED_FACE( '', ( #504, #505, #506 ), #507, .F. );
#302 = ADVANCED_FACE( '', ( #508 ), #509, .F. );
#303 = ADVANCED_FACE( '', ( #510 ), #511, .T. );
#304 = ADVANCED_FACE( '', ( #512 ), #513, .F. );
#305 = ADVANCED_FACE( '', ( #514 ), #515, .F. );
#306 = ADVANCED_FACE( '', ( #516 ), #517, .T. );
#307 = ADVANCED_FACE( '', ( #518 ), #519, .F. );
#308 = ADVANCED_FACE( '', ( #520, #521 ), #522, .F. );
#309 = ADVANCED_FACE( '', ( #523, #524 ), #525, .F. );
#310 = ADVANCED_FACE( '', ( #526, #527 ), #528, .F. );
#311 = ADVANCED_FACE( '', ( #529, #530 ), #531, .F. );
#312 = ADVANCED_FACE( '', ( #532 ), #533, .T. );
#313 = ADVANCED_FACE( '', ( #534 ), #535, .F. );
#314 = ADVANCED_FACE( '', ( #536 ), #537, .T. );
#315 = ADVANCED_FACE( '', ( #538 ), #539, .F. );
#316 = ADVANCED_FACE( '', ( #540 ), #541, .T. );
#317 = ADVANCED_FACE( '', ( #542 ), #543, .T. );
#318 = ADVANCED_FACE( '', ( #544 ), #545, .F. );
#319 = ADVANCED_FACE( '', ( #546 ), #547, .T. );
#321 =  ( LENGTH_UNIT(  )NAMED_UNIT( #210 )SI_UNIT( .MILLI., .METRE. ) );
#322 = FACE_OUTER_BOUND( '', #549, .T. );
#323 = PLANE( '', #550 );
#324 = FACE_OUTER_BOUND( '', #551, .T. );
#325 = PLANE( '', #552 );
#326 = FACE_OUTER_BOUND( '', #553, .T. );
#327 = CYLINDRICAL_SURFACE( '', #554, 1.10000000000000 );
#328 = FACE_BOUND( '', #555, .T. );
#329 = FACE_OUTER_BOUND( '', #556, .T. );
#330 = PLANE( '', #557 );
#331 = FACE_OUTER_BOUND( '', #558, .T. );
#332 = CYLINDRICAL_SURFACE( '', #559, 1.20000000000000 );
#333 = FACE_OUTER_BOUND( '', #560, .T. );
#334 = PLANE( '', #561 );
#335 = FACE_OUTER_BOUND( '', #562, .T. );
#336 = PLANE( '', #563 );
#337 = FACE_OUTER_BOUND( '', #564, .T. );
#338 = CYLINDRICAL_SURFACE( '', #565, 2.57000000000000 );
#339 = FACE_OUTER_BOUND( '', #566, .T. );
#340 = PLANE( '', #567 );
#341 = FACE_OUTER_BOUND( '', #568, .T. );
#342 = CYLINDRICAL_SURFACE( '', #569, 0.400000000000000 );
#343 = FACE_OUTER_BOUND( '', #570, .T. );
#344 = PLANE( '', #571 );
#345 = FACE_OUTER_BOUND( '', #572, .T. );
#346 = PLANE( '', #573 );
#347 = FACE_OUTER_BOUND( '', #574, .T. );
#348 = PLANE( '', #575 );
#349 = FACE_OUTER_BOUND( '', #576, .T. );
#350 = PLANE( '', #577 );
#351 = FACE_OUTER_BOUND( '', #578, .T. );
#352 = PLANE( '', #579 );
#353 = FACE_OUTER_BOUND( '', #580, .T. );
#354 = CYLINDRICAL_SURFACE( '', #581, 0.400000000000000 );
#355 = FACE_OUTER_BOUND( '', #582, .T. );
#356 = CYLINDRICAL_SURFACE( '', #583, 4.70000000000000 );
#357 = FACE_OUTER_BOUND( '', #584, .T. );
#358 = CYLINDRICAL_SURFACE( '', #585, 0.400000000000000 );
#359 = FACE_OUTER_BOUND( '', #586, .T. );
#360 = PLANE( '', #587 );
#361 = FACE_OUTER_BOUND( '', #588, .T. );
#362 = PLANE( '', #589 );
#363 = FACE_OUTER_BOUND( '', #590, .T. );
#364 = PLANE( '', #591 );
#365 = FACE_OUTER_BOUND( '', #592, .T. );
#366 = PLANE( '', #593 );
#367 = FACE_BOUND( '', #594, .T. );
#368 = FACE_BOUND( '', #595, .T. );
#369 = FACE_OUTER_BOUND( '', #596, .T. );
#370 = PLANE( '', #597 );
#371 = FACE_OUTER_BOUND( '', #598, .T. );
#372 = CYLINDRICAL_SURFACE( '', #599, 2.57000000000000 );
#373 = FACE_OUTER_BOUND( '', #600, .T. );
#374 = PLANE( '', #601 );
#375 = FACE_OUTER_BOUND( '', #602, .T. );
#376 = PLANE( '', #603 );
#377 = FACE_BOUND( '', #604, .T. );
#378 = FACE_OUTER_BOUND( '', #605, .T. );
#379 = PLANE( '', #606 );
#380 = FACE_OUTER_BOUND( '', #607, .T. );
#381 = CYLINDRICAL_SURFACE( '', #608, 1.20000000000000 );
#382 = FACE_OUTER_BOUND( '', #609, .T. );
#383 = PLANE( '', #610 );
#384 = FACE_OUTER_BOUND( '', #611, .T. );
#385 = CYLINDRICAL_SURFACE( '', #612, 1.20000000000000 );
#386 = FACE_BOUND( '', #613, .T. );
#387 = FACE_BOUND( '', #614, .T. );
#388 = FACE_OUTER_BOUND( '', #615, .T. );
#389 = PLANE( '', #616 );
#390 = FACE_OUTER_BOUND( '', #617, .T. );
#391 = PLANE( '', #618 );
#392 = FACE_OUTER_BOUND( '', #619, .T. );
#393 = CYLINDRICAL_SURFACE( '', #620, 1.20000000000000 );
#394 = FACE_OUTER_BOUND( '', #621, .T. );
#395 = CYLINDRICAL_SURFACE( '', #622, 1.20000000000000 );
#396 = FACE_OUTER_BOUND( '', #623, .T. );
#397 = CYLINDRICAL_SURFACE( '', #624, 1.20000000000000 );
#398 = FACE_OUTER_BOUND( '', #625, .T. );
#399 = FACE_BOUND( '', #626, .T. );
#400 = CONICAL_SURFACE( '', #627, 1.05650000000000, 0.785398163400000 );
#401 = FACE_OUTER_BOUND( '', #628, .T. );
#402 = FACE_OUTER_BOUND( '', #629, .T. );
#403 = CYLINDRICAL_SURFACE( '', #630, 1.05650000000000 );
#404 = FACE_BOUND( '', #631, .T. );
#405 = FACE_OUTER_BOUND( '', #632, .T. );
#406 = CONICAL_SURFACE( '', #633, 1.30000000000000, 0.785398163400000 );
#407 = FACE_OUTER_BOUND( '', #634, .T. );
#408 = PLANE( '', #635 );
#409 = FACE_OUTER_BOUND( '', #636, .T. );
#410 = PLANE( '', #637 );
#411 = FACE_OUTER_BOUND( '', #638, .T. );
#412 = PLANE( '', #639 );
#413 = FACE_OUTER_BOUND( '', #640, .T. );
#414 = PLANE( '', #641 );
#415 = FACE_OUTER_BOUND( '', #642, .T. );
#416 = CYLINDRICAL_SURFACE( '', #643, 0.400000000000000 );
#417 = FACE_OUTER_BOUND( '', #644, .T. );
#418 = CYLINDRICAL_SURFACE( '', #645, 4.70000000000000 );
#419 = FACE_BOUND( '', #646, .T. );
#420 = FACE_OUTER_BOUND( '', #647, .T. );
#421 = CONICAL_SURFACE( '', #648, 1.30000000000000, 0.785398163400000 );
#422 = FACE_OUTER_BOUND( '', #649, .T. );
#423 = FACE_OUTER_BOUND( '', #650, .T. );
#424 = CYLINDRICAL_SURFACE( '', #651, 1.05650000000000 );
#425 = FACE_OUTER_BOUND( '', #652, .T. );
#426 = FACE_BOUND( '', #653, .T. );
#427 = CONICAL_SURFACE( '', #654, 1.05650000000000, 0.785398163400000 );
#428 = FACE_OUTER_BOUND( '', #655, .T. );
#429 = CYLINDRICAL_SURFACE( '', #656, 1.10000000000000 );
#430 = FACE_OUTER_BOUND( '', #657, .T. );
#431 = PLANE( '', #658 );
#432 = FACE_OUTER_BOUND( '', #659, .T. );
#433 = PLANE( '', #660 );
#434 = FACE_OUTER_BOUND( '', #661, .T. );
#435 = CYLINDRICAL_SURFACE( '', #662, 1.10000000000000 );
#436 = FACE_OUTER_BOUND( '', #663, .T. );
#437 = PLANE( '', #664 );
#438 = FACE_OUTER_BOUND( '', #665, .T. );
#439 = PLANE( '', #666 );
#440 = FACE_OUTER_BOUND( '', #667, .T. );
#441 = PLANE( '', #668 );
#442 = FACE_OUTER_BOUND( '', #669, .T. );
#443 = PLANE( '', #670 );
#444 = FACE_OUTER_BOUND( '', #671, .T. );
#445 = CYLINDRICAL_SURFACE( '', #672, 1.10000000000000 );
#446 = FACE_OUTER_BOUND( '', #673, .T. );
#447 = PLANE( '', #674 );
#448 = FACE_OUTER_BOUND( '', #675, .T. );
#449 = PLANE( '', #676 );
#450 = FACE_OUTER_BOUND( '', #677, .T. );
#451 = PLANE( '', #678 );
#452 = FACE_OUTER_BOUND( '', #679, .T. );
#453 = PLANE( '', #680 );
#454 = FACE_OUTER_BOUND( '', #681, .T. );
#455 = PLANE( '', #682 );
#456 = FACE_OUTER_BOUND( '', #683, .T. );
#457 = PLANE( '', #684 );
#458 = FACE_OUTER_BOUND( '', #685, .T. );
#459 = CYLINDRICAL_SURFACE( '', #686, 0.200000000000000 );
#460 = FACE_BOUND( '', #687, .T. );
#461 = FACE_BOUND( '', #688, .T. );
#462 = FACE_OUTER_BOUND( '', #689, .T. );
#463 = PLANE( '', #690 );
#464 = FACE_OUTER_BOUND( '', #691, .T. );
#465 = PLANE( '', #692 );
#466 = FACE_BOUND( '', #693, .T. );
#467 = FACE_OUTER_BOUND( '', #694, .T. );
#468 = CONICAL_SURFACE( '', #695, 1.30000000000000, 0.785398163400000 );
#469 = FACE_OUTER_BOUND( '', #696, .T. );
#470 = FACE_OUTER_BOUND( '', #697, .T. );
#471 = CYLINDRICAL_SURFACE( '', #698, 1.05650000000000 );
#472 = FACE_OUTER_BOUND( '', #699, .T. );
#473 = PLANE( '', #700 );
#474 = FACE_OUTER_BOUND( '', #701, .T. );
#475 = CYLINDRICAL_SURFACE( '', #702, 0.200000000000000 );
#476 = FACE_OUTER_BOUND( '', #703, .T. );
#477 = CYLINDRICAL_SURFACE( '', #704, 4.40000000000000 );
#478 = FACE_OUTER_BOUND( '', #705, .T. );
#479 = CYLINDRICAL_SURFACE( '', #706, 4.70000000000000 );
#480 = FACE_OUTER_BOUND( '', #707, .T. );
#481 = CYLINDRICAL_SURFACE( '', #708, 4.40000000000000 );
#482 = FACE_OUTER_BOUND( '', #709, .T. );
#483 = CYLINDRICAL_SURFACE( '', #710, 0.200000000000000 );
#484 = FACE_OUTER_BOUND( '', #711, .T. );
#485 = PLANE( '', #712 );
#486 = FACE_OUTER_BOUND( '', #713, .T. );
#487 = CYLINDRICAL_SURFACE( '', #714, 0.400000000000000 );
#488 = FACE_OUTER_BOUND( '', #715, .T. );
#489 = PLANE( '', #716 );
#490 = FACE_OUTER_BOUND( '', #717, .T. );
#491 = CYLINDRICAL_SURFACE( '', #718, 0.400000000000000 );
#492 = FACE_OUTER_BOUND( '', #719, .T. );
#493 = PLANE( '', #720 );
#494 = FACE_OUTER_BOUND( '', #721, .T. );
#495 = PLANE( '', #722 );
#496 = FACE_OUTER_BOUND( '', #723, .T. );
#497 = PLANE( '', #724 );
#498 = FACE_OUTER_BOUND( '', #725, .T. );
#499 = PLANE( '', #726 );
#500 = FACE_OUTER_BOUND( '', #727, .T. );
#501 = PLANE( '', #728 );
#502 = FACE_OUTER_BOUND( '', #729, .T. );
#503 = PLANE( '', #730 );
#504 = FACE_BOUND( '', #731, .T. );
#505 = FACE_BOUND( '', #732, .T. );
#506 = FACE_OUTER_BOUND( '', #733, .T. );
#507 = PLANE( '', #734 );
#508 = FACE_OUTER_BOUND( '', #735, .T. );
#509 = PLANE( '', #736 );
#510 = FACE_OUTER_BOUND( '', #737, .T. );
#511 = PLANE( '', #738 );
#512 = FACE_OUTER_BOUND( '', #739, .T. );
#513 = CYLINDRICAL_SURFACE( '', #740, 1.10000000000000 );
#514 = FACE_OUTER_BOUND( '', #741, .T. );
#515 = PLANE( '', #742 );
#516 = FACE_OUTER_BOUND( '', #743, .T. );
#517 = PLANE( '', #744 );
#518 = FACE_OUTER_BOUND( '', #745, .T. );
#519 = CYLINDRICAL_SURFACE( '', #746, 1.10000000000000 );
#520 = FACE_OUTER_BOUND( '', #747, .T. );
#521 = FACE_BOUND( '', #748, .T. );
#522 = CONICAL_SURFACE( '', #749, 1.05650000000000, 0.785398163400000 );
#523 = FACE_OUTER_BOUND( '', #750, .T. );
#524 = FACE_OUTER_BOUND( '', #751, .T. );
#525 = CYLINDRICAL_SURFACE( '', #752, 1.05650000000000 );
#526 = FACE_BOUND( '', #753, .T. );
#527 = FACE_OUTER_BOUND( '', #754, .T. );
#528 = CONICAL_SURFACE( '', #755, 1.30000000000000, 0.785398163400000 );
#529 = FACE_OUTER_BOUND( '', #756, .T. );
#530 = FACE_BOUND( '', #757, .T. );
#531 = CONICAL_SURFACE( '', #758, 1.05650000000000, 0.785398163400000 );
#532 = FACE_OUTER_BOUND( '', #759, .T. );
#533 = CYLINDRICAL_SURFACE( '', #760, 0.400000000000000 );
#534 = FACE_OUTER_BOUND( '', #761, .T. );
#535 = PLANE( '', #762 );
#536 = FACE_OUTER_BOUND( '', #763, .T. );
#537 = CYLINDRICAL_SURFACE( '', #764, 0.400000000000000 );
#538 = FACE_OUTER_BOUND( '', #765, .T. );
#539 = PLANE( '', #766 );
#540 = FACE_OUTER_BOUND( '', #767, .T. );
#541 = CYLINDRICAL_SURFACE( '', #768, 0.200000000000000 );
#542 = FACE_OUTER_BOUND( '', #769, .T. );
#543 = CYLINDRICAL_SURFACE( '', #770, 4.40000000000000 );
#544 = FACE_OUTER_BOUND( '', #771, .T. );
#545 = CYLINDRICAL_SURFACE( '', #772, 4.70000000000000 );
#546 = FACE_OUTER_BOUND( '', #773, .T. );
#547 = CYLINDRICAL_SURFACE( '', #774, 4.40000000000000 );
#549 = EDGE_LOOP( '', ( #775, #776 ) );
#550 = AXIS2_PLACEMENT_3D( '', #777, #778, #779 );
#551 = EDGE_LOOP( '', ( #780, #781 ) );
#552 = AXIS2_PLACEMENT_3D( '', #782, #783, #784 );
#553 = EDGE_LOOP( '', ( #785, #786, #787, #788 ) );
#554 = AXIS2_PLACEMENT_3D( '', #789, #790, #791 );
#555 = EDGE_LOOP( '', ( #792, #793, #794, #795 ) );
#556 = EDGE_LOOP( '', ( #796, #797, #798, #799, #800, #801, #802, #803, #804, #805, #806, #807 ) );
#557 = AXIS2_PLACEMENT_3D( '', #808, #809, #810 );
#558 = EDGE_LOOP( '', ( #811, #812, #813, #814 ) );
#559 = AXIS2_PLACEMENT_3D( '', #815, #816, #817 );
#560 = EDGE_LOOP( '', ( #818, #819, #820, #821 ) );
#561 = AXIS2_PLACEMENT_3D( '', #822, #823, #824 );
#562 = EDGE_LOOP( '', ( #825, #826, #827, #828 ) );
#563 = AXIS2_PLACEMENT_3D( '', #829, #830, #831 );
#564 = EDGE_LOOP( '', ( #832, #833, #834, #835 ) );
#565 = AXIS2_PLACEMENT_3D( '', #836, #837, #838 );
#566 = EDGE_LOOP( '', ( #839, #840, #841, #842 ) );
#567 = AXIS2_PLACEMENT_3D( '', #843, #844, #845 );
#568 = EDGE_LOOP( '', ( #846, #847, #848, #849 ) );
#569 = AXIS2_PLACEMENT_3D( '', #850, #851, #852 );
#570 = EDGE_LOOP( '', ( #853, #854, #855, #856 ) );
#571 = AXIS2_PLACEMENT_3D( '', #857, #858, #859 );
#572 = EDGE_LOOP( '', ( #860, #861, #862, #863, #864, #865, #866, #867, #868, #869, #870, #871 ) );
#573 = AXIS2_PLACEMENT_3D( '', #872, #873, #874 );
#574 = EDGE_LOOP( '', ( #875, #876, #877, #878, #879, #880, #881, #882, #883, #884, #885, #886 ) );
#575 = AXIS2_PLACEMENT_3D( '', #887, #888, #889 );
#576 = EDGE_LOOP( '', ( #890, #891, #892, #893 ) );
#577 = AXIS2_PLACEMENT_3D( '', #894, #895, #896 );
#578 = EDGE_LOOP( '', ( #897, #898, #899, #900 ) );
#579 = AXIS2_PLACEMENT_3D( '', #901, #902, #903 );
#580 = EDGE_LOOP( '', ( #904, #905, #906, #907 ) );
#581 = AXIS2_PLACEMENT_3D( '', #908, #909, #910 );
#582 = EDGE_LOOP( '', ( #911, #912, #913, #914 ) );
#583 = AXIS2_PLACEMENT_3D( '', #915, #916, #917 );
#584 = EDGE_LOOP( '', ( #918, #919, #920, #921 ) );
#585 = AXIS2_PLACEMENT_3D( '', #922, #923, #924 );
#586 = EDGE_LOOP( '', ( #925, #926, #927, #928 ) );
#587 = AXIS2_PLACEMENT_3D( '', #929, #930, #931 );
#588 = EDGE_LOOP( '', ( #932, #933, #934, #935 ) );
#589 = AXIS2_PLACEMENT_3D( '', #936, #937, #938 );
#590 = EDGE_LOOP( '', ( #939, #940, #941, #942, #943, #944, #945, #946, #947, #948, #949, #950 ) );
#591 = AXIS2_PLACEMENT_3D( '', #951, #952, #953 );
#592 = EDGE_LOOP( '', ( #954, #955, #956, #957, #958, #959, #960, #961, #962, #963, #964, #965 ) );
#593 = AXIS2_PLACEMENT_3D( '', #966, #967, #968 );
#594 = EDGE_LOOP( '', ( #969 ) );
#595 = EDGE_LOOP( '', ( #970 ) );
#596 = EDGE_LOOP( '', ( #971, #972, #973, #974 ) );
#597 = AXIS2_PLACEMENT_3D( '', #975, #976, #977 );
#598 = EDGE_LOOP( '', ( #978, #979, #980, #981 ) );
#599 = AXIS2_PLACEMENT_3D( '', #982, #983, #984 );
#600 = EDGE_LOOP( '', ( #985, #986, #987, #988 ) );
#601 = AXIS2_PLACEMENT_3D( '', #989, #990, #991 );
#602 = EDGE_LOOP( '', ( #992, #993, #994, #995 ) );
#603 = AXIS2_PLACEMENT_3D( '', #996, #997, #998 );
#604 = EDGE_LOOP( '', ( #999, #1000, #1001, #1002 ) );
#605 = EDGE_LOOP( '', ( #1003, #1004, #1005, #1006, #1007, #1008, #1009, #1010, #1011, #1012, #1013, #1014 ) );
#606 = AXIS2_PLACEMENT_3D( '', #1015, #1016, #1017 );
#607 = EDGE_LOOP( '', ( #1018, #1019, #1020, #1021 ) );
#608 = AXIS2_PLACEMENT_3D( '', #1022, #1023, #1024 );
#609 = EDGE_LOOP( '', ( #1025, #1026, #1027, #1028 ) );
#610 = AXIS2_PLACEMENT_3D( '', #1029, #1030, #1031 );
#611 = EDGE_LOOP( '', ( #1032, #1033, #1034, #1035 ) );
#612 = AXIS2_PLACEMENT_3D( '', #1036, #1037, #1038 );
#613 = EDGE_LOOP( '', ( #1039 ) );
#614 = EDGE_LOOP( '', ( #1040 ) );
#615 = EDGE_LOOP( '', ( #1041, #1042, #1043, #1044 ) );
#616 = AXIS2_PLACEMENT_3D( '', #1045, #1046, #1047 );
#617 = EDGE_LOOP( '', ( #1048, #1049, #1050, #1051 ) );
#618 = AXIS2_PLACEMENT_3D( '', #1052, #1053, #1054 );
#619 = EDGE_LOOP( '', ( #1055, #1056, #1057, #1058 ) );
#620 = AXIS2_PLACEMENT_3D( '', #1059, #1060, #1061 );
#621 = EDGE_LOOP( '', ( #1062, #1063, #1064, #1065 ) );
#622 = AXIS2_PLACEMENT_3D( '', #1066, #1067, #1068 );
#623 = EDGE_LOOP( '', ( #1069, #1070, #1071, #1072 ) );
#624 = AXIS2_PLACEMENT_3D( '', #1073, #1074, #1075 );
#625 = EDGE_LOOP( '', ( #1076 ) );
#626 = EDGE_LOOP( '', ( #1077 ) );
#627 = AXIS2_PLACEMENT_3D( '', #1078, #1079, #1080 );
#628 = EDGE_LOOP( '', ( #1081 ) );
#629 = EDGE_LOOP( '', ( #1082 ) );
#630 = AXIS2_PLACEMENT_3D( '', #1083, #1084, #1085 );
#631 = EDGE_LOOP( '', ( #1086 ) );
#632 = EDGE_LOOP( '', ( #1087 ) );
#633 = AXIS2_PLACEMENT_3D( '', #1088, #1089, #1090 );
#634 = EDGE_LOOP( '', ( #1091, #1092, #1093, #1094, #1095, #1096, #1097, #1098, #1099, #1100, #1101, #1102 ) );
#635 = AXIS2_PLACEMENT_3D( '', #1103, #1104, #1105 );
#636 = EDGE_LOOP( '', ( #1106, #1107, #1108, #1109, #1110, #1111, #1112, #1113, #1114, #1115, #1116, #1117 ) );
#637 = AXIS2_PLACEMENT_3D( '', #1118, #1119, #1120 );
#638 = EDGE_LOOP( '', ( #1121, #1122, #1123, #1124 ) );
#639 = AXIS2_PLACEMENT_3D( '', #1125, #1126, #1127 );
#640 = EDGE_LOOP( '', ( #1128, #1129, #1130, #1131 ) );
#641 = AXIS2_PLACEMENT_3D( '', #1132, #1133, #1134 );
#642 = EDGE_LOOP( '', ( #1135, #1136, #1137, #1138 ) );
#643 = AXIS2_PLACEMENT_3D( '', #1139, #1140, #1141 );
#644 = EDGE_LOOP( '', ( #1142, #1143, #1144, #1145 ) );
#645 = AXIS2_PLACEMENT_3D( '', #1146, #1147, #1148 );
#646 = EDGE_LOOP( '', ( #1149 ) );
#647 = EDGE_LOOP( '', ( #1150 ) );
#648 = AXIS2_PLACEMENT_3D( '', #1151, #1152, #1153 );
#649 = EDGE_LOOP( '', ( #1154 ) );
#650 = EDGE_LOOP( '', ( #1155 ) );
#651 = AXIS2_PLACEMENT_3D( '', #1156, #1157, #1158 );
#652 = EDGE_LOOP( '', ( #1159 ) );
#653 = EDGE_LOOP( '', ( #1160 ) );
#654 = AXIS2_PLACEMENT_3D( '', #1161, #1162, #1163 );
#655 = EDGE_LOOP( '', ( #1164, #1165, #1166, #1167 ) );
#656 = AXIS2_PLACEMENT_3D( '', #1168, #1169, #1170 );
#657 = EDGE_LOOP( '', ( #1171, #1172 ) );
#658 = AXIS2_PLACEMENT_3D( '', #1173, #1174, #1175 );
#659 = EDGE_LOOP( '', ( #1176, #1177 ) );
#660 = AXIS2_PLACEMENT_3D( '', #1178, #1179, #1180 );
#661 = EDGE_LOOP( '', ( #1181, #1182, #1183, #1184 ) );
#662 = AXIS2_PLACEMENT_3D( '', #1185, #1186, #1187 );
#663 = EDGE_LOOP( '', ( #1188, #1189, #1190, #1191 ) );
#664 = AXIS2_PLACEMENT_3D( '', #1192, #1193, #1194 );
#665 = EDGE_LOOP( '', ( #1195, #1196, #1197, #1198 ) );
#666 = AXIS2_PLACEMENT_3D( '', #1199, #1200, #1201 );
#667 = EDGE_LOOP( '', ( #1202, #1203, #1204, #1205 ) );
#668 = AXIS2_PLACEMENT_3D( '', #1206, #1207, #1208 );
#669 = EDGE_LOOP( '', ( #1209, #1210, #1211, #1212 ) );
#670 = AXIS2_PLACEMENT_3D( '', #1213, #1214, #1215 );
#671 = EDGE_LOOP( '', ( #1216, #1217, #1218, #1219 ) );
#672 = AXIS2_PLACEMENT_3D( '', #1220, #1221, #1222 );
#673 = EDGE_LOOP( '', ( #1223, #1224, #1225, #1226 ) );
#674 = AXIS2_PLACEMENT_3D( '', #1227, #1228, #1229 );
#675 = EDGE_LOOP( '', ( #1230, #1231, #1232, #1233 ) );
#676 = AXIS2_PLACEMENT_3D( '', #1234, #1235, #1236 );
#677 = EDGE_LOOP( '', ( #1237, #1238, #1239, #1240, #1241, #1242, #1243, #1244 ) );
#678 = AXIS2_PLACEMENT_3D( '', #1245, #1246, #1247 );
#679 = EDGE_LOOP( '', ( #1248, #1249, #1250, #1251, #1252, #1253, #1254, #1255 ) );
#680 = AXIS2_PLACEMENT_3D( '', #1256, #1257, #1258 );
#681 = EDGE_LOOP( '', ( #1259, #1260, #1261, #1262, #1263, #1264, #1265, #1266, #1267, #1268 ) );
#682 = AXIS2_PLACEMENT_3D( '', #1269, #1270, #1271 );
#683 = EDGE_LOOP( '', ( #1272, #1273, #1274, #1275, #1276, #1277, #1278, #1279, #1280, #1281, #1282, #1283, #1284, #1285 ) );
#684 = AXIS2_PLACEMENT_3D( '', #1286, #1287, #1288 );
#685 = EDGE_LOOP( '', ( #1289, #1290, #1291, #1292 ) );
#686 = AXIS2_PLACEMENT_3D( '', #1293, #1294, #1295 );
#687 = EDGE_LOOP( '', ( #1296 ) );
#688 = EDGE_LOOP( '', ( #1297 ) );
#689 = EDGE_LOOP( '', ( #1298, #1299, #1300, #1301, #1302, #1303, #1304, #1305, #1306, #1307, #1308, #1309 ) );
#690 = AXIS2_PLACEMENT_3D( '', #1310, #1311, #1312 );
#691 = EDGE_LOOP( '', ( #1313, #1314, #1315, #1316, #1317, #1318, #1319, #1320, #1321, #1322 ) );
#692 = AXIS2_PLACEMENT_3D( '', #1323, #1324, #1325 );
#693 = EDGE_LOOP( '', ( #1326 ) );
#694 = EDGE_LOOP( '', ( #1327 ) );
#695 = AXIS2_PLACEMENT_3D( '', #1328, #1329, #1330 );
#696 = EDGE_LOOP( '', ( #1331 ) );
#697 = EDGE_LOOP( '', ( #1332 ) );
#698 = AXIS2_PLACEMENT_3D( '', #1333, #1334, #1335 );
#699 = EDGE_LOOP( '', ( #1336, #1337, #1338, #1339, #1340, #1341, #1342, #1343, #1344, #1345 ) );
#700 = AXIS2_PLACEMENT_3D( '', #1346, #1347, #1348 );
#701 = EDGE_LOOP( '', ( #1349, #1350, #1351, #1352 ) );
#702 = AXIS2_PLACEMENT_3D( '', #1353, #1354, #1355 );
#703 = EDGE_LOOP( '', ( #1356, #1357, #1358, #1359 ) );
#704 = AXIS2_PLACEMENT_3D( '', #1360, #1361, #1362 );
#705 = EDGE_LOOP( '', ( #1363, #1364, #1365, #1366 ) );
#706 = AXIS2_PLACEMENT_3D( '', #1367, #1368, #1369 );
#707 = EDGE_LOOP( '', ( #1370, #1371, #1372, #1373 ) );
#708 = AXIS2_PLACEMENT_3D( '', #1374, #1375, #1376 );
#709 = EDGE_LOOP( '', ( #1377, #1378, #1379, #1380 ) );
#710 = AXIS2_PLACEMENT_3D( '', #1381, #1382, #1383 );
#711 = EDGE_LOOP( '', ( #1384, #1385, #1386, #1387 ) );
#712 = AXIS2_PLACEMENT_3D( '', #1388, #1389, #1390 );
#713 = EDGE_LOOP( '', ( #1391, #1392, #1393, #1394 ) );
#714 = AXIS2_PLACEMENT_3D( '', #1395, #1396, #1397 );
#715 = EDGE_LOOP( '', ( #1398, #1399, #1400, #1401, #1402, #1403 ) );
#716 = AXIS2_PLACEMENT_3D( '', #1404, #1405, #1406 );
#717 = EDGE_LOOP( '', ( #1407, #1408, #1409, #1410 ) );
#718 = AXIS2_PLACEMENT_3D( '', #1411, #1412, #1413 );
#719 = EDGE_LOOP( '', ( #1414, #1415, #1416, #1417 ) );
#720 = AXIS2_PLACEMENT_3D( '', #1418, #1419, #1420 );
#721 = EDGE_LOOP( '', ( #1421, #1422, #1423, #1424, #1425, #1426, #1427, #1428, #1429, #1430, #1431, #1432, #1433, #1434 ) );
#722 = AXIS2_PLACEMENT_3D( '', #1435, #1436, #1437 );
#723 = EDGE_LOOP( '', ( #1438, #1439, #1440, #1441 ) );
#724 = AXIS2_PLACEMENT_3D( '', #1442, #1443, #1444 );
#725 = EDGE_LOOP( '', ( #1445, #1446, #1447, #1448 ) );
#726 = AXIS2_PLACEMENT_3D( '', #1449, #1450, #1451 );
#727 = EDGE_LOOP( '', ( #1452, #1453, #1454, #1455 ) );
#728 = AXIS2_PLACEMENT_3D( '', #1456, #1457, #1458 );
#729 = EDGE_LOOP( '', ( #1459, #1460, #1461, #1462, #1463, #1464, #1465, #1466, #1467, #1468 ) );
#730 = AXIS2_PLACEMENT_3D( '', #1469, #1470, #1471 );
#731 = EDGE_LOOP( '', ( #1472 ) );
#732 = EDGE_LOOP( '', ( #1473 ) );
#733 = EDGE_LOOP( '', ( #1474, #1475, #1476, #1477 ) );
#734 = AXIS2_PLACEMENT_3D( '', #1478, #1479, #1480 );
#735 = EDGE_LOOP( '', ( #1481, #1482, #1483 ) );
#736 = AXIS2_PLACEMENT_3D( '', #1484, #1485, #1486 );
#737 = EDGE_LOOP( '', ( #1487, #1488, #1489 ) );
#738 = AXIS2_PLACEMENT_3D( '', #1490, #1491, #1492 );
#739 = EDGE_LOOP( '', ( #1493, #1494, #1495, #1496 ) );
#740 = AXIS2_PLACEMENT_3D( '', #1497, #1498, #1499 );
#741 = EDGE_LOOP( '', ( #1500, #1501, #1502 ) );
#742 = AXIS2_PLACEMENT_3D( '', #1503, #1504, #1505 );
#743 = EDGE_LOOP( '', ( #1506, #1507, #1508 ) );
#744 = AXIS2_PLACEMENT_3D( '', #1509, #1510, #1511 );
#745 = EDGE_LOOP( '', ( #1512, #1513, #1514, #1515 ) );
#746 = AXIS2_PLACEMENT_3D( '', #1516, #1517, #1518 );
#747 = EDGE_LOOP( '', ( #1519 ) );
#748 = EDGE_LOOP( '', ( #1520 ) );
#749 = AXIS2_PLACEMENT_3D( '', #1521, #1522, #1523 );
#750 = EDGE_LOOP( '', ( #1524 ) );
#751 = EDGE_LOOP( '', ( #1525 ) );
#752 = AXIS2_PLACEMENT_3D( '', #1526, #1527, #1528 );
#753 = EDGE_LOOP( '', ( #1529 ) );
#754 = EDGE_LOOP( '', ( #1530 ) );
#755 = AXIS2_PLACEMENT_3D( '', #1531, #1532, #1533 );
#756 = EDGE_LOOP( '', ( #1534 ) );
#757 = EDGE_LOOP( '', ( #1535 ) );
#758 = AXIS2_PLACEMENT_3D( '', #1536, #1537, #1538 );
#759 = EDGE_LOOP( '', ( #1539, #1540, #1541, #1542 ) );
#760 = AXIS2_PLACEMENT_3D( '', #1543, #1544, #1545 );
#761 = EDGE_LOOP( '', ( #1546, #1547, #1548, #1549, #1550, #1551 ) );
#762 = AXIS2_PLACEMENT_3D( '', #1552, #1553, #1554 );
#763 = EDGE_LOOP( '', ( #1555, #1556, #1557, #1558 ) );
#764 = AXIS2_PLACEMENT_3D( '', #1559, #1560, #1561 );
#765 = EDGE_LOOP( '', ( #1562, #1563, #1564, #1565 ) );
#766 = AXIS2_PLACEMENT_3D( '', #1566, #1567, #1568 );
#767 = EDGE_LOOP( '', ( #1569, #1570, #1571, #1572 ) );
#768 = AXIS2_PLACEMENT_3D( '', #1573, #1574, #1575 );
#769 = EDGE_LOOP( '', ( #1576, #1577, #1578, #1579 ) );
#770 = AXIS2_PLACEMENT_3D( '', #1580, #1581, #1582 );
#771 = EDGE_LOOP( '', ( #1583, #1584, #1585, #1586 ) );
#772 = AXIS2_PLACEMENT_3D( '', #1587, #1588, #1589 );
#773 = EDGE_LOOP( '', ( #1590, #1591, #1592, #1593 ) );
#774 = AXIS2_PLACEMENT_3D( '', #1594, #1595, #1596 );
#775 = ORIENTED_EDGE( '', *, *, #1597, .F. );
#776 = ORIENTED_EDGE( '', *, *, #1598, .F. );
#777 = CARTESIAN_POINT( '', ( 20.1500000000000, -4.20000000000001, 3.35000000000000 ) );
#778 = DIRECTION( '', ( 1.00000000000000, 0.000000000000000, 0.000000000000000 ) );
#779 = DIRECTION( '', ( 0.000000000000000, 0.000000000000000, -1.00000000000000 ) );
#780 = ORIENTED_EDGE( '', *, *, #1599, .T. );
#781 = ORIENTED_EDGE( '', *, *, #1600, .T. );
#782 = CARTESIAN_POINT( '', ( 4.85000000000000, -4.20000000000001, 3.35000000000000 ) );
#783 = DIRECTION( '', ( 1.00000000000000, 0.000000000000000, 0.000000000000000 ) );
#784 = DIRECTION( '', ( 0.000000000000000, 0.000000000000000, -1.00000000000000 ) );
#785 = ORIENTED_EDGE( '', *, *, #1601, .T. );
#786 = ORIENTED_EDGE( '', *, *, #1597, .T. );
#787 = ORIENTED_EDGE( '', *, *, #1602, .T. );
#788 = ORIENTED_EDGE( '', *, *, #1600, .F. );
#789 = CARTESIAN_POINT( '', ( 20.1500000000000, -4.20000000000001, 3.35000000000000 ) );
#790 = DIRECTION( '', ( 1.00000000000000, -0.000000000000000, -0.000000000000000 ) );
#791 = DIRECTION( '', ( 0.000000000000000, 0.000000000000000, 1.00000000000000 ) );
#792 = ORIENTED_EDGE( '', *, *, #1602, .F. );
#793 = ORIENTED_EDGE( '', *, *, #1598, .T. );
#794 = ORIENTED_EDGE( '', *, *, #1601, .F. );
#795 = ORIENTED_EDGE( '', *, *, #1599, .F. );
#796 = ORIENTED_EDGE( '', *, *, #1603, .T. );
#797 = ORIENTED_EDGE( '', *, *, #1604, .T. );
#798 = ORIENTED_EDGE( '', *, *, #1605, .F. );
#799 = ORIENTED_EDGE( '', *, *, #1606, .F. );
#800 = ORIENTED_EDGE( '', *, *, #1607, .F. );
#801 = ORIENTED_EDGE( '', *, *, #1608, .T. );
#802 = ORIENTED_EDGE( '', *, *, #1609, .T. );
#803 = ORIENTED_EDGE( '', *, *, #1610, .F. );
#804 = ORIENTED_EDGE( '', *, *, #1611, .T. );
#805 = ORIENTED_EDGE( '', *, *, #1612, .F. );
#806 = ORIENTED_EDGE( '', *, *, #1613, .F. );
#807 = ORIENTED_EDGE( '', *, *, #1614, .F. );
#808 = CARTESIAN_POINT( '', ( 25.0000000000000, -5.80000000000000, 3.90000000000000 ) );
#809 = DIRECTION( '', ( 0.000000000000000, 0.000000000000000, 1.00000000000000 ) );
#810 = DIRECTION( '', ( 1.00000000000000, 0.000000000000000, -0.000000000000000 ) );
#811 = ORIENTED_EDGE( '', *, *, #1615, .F. );
#812 = ORIENTED_EDGE( '', *, *, #1616, .T. );
#813 = ORIENTED_EDGE( '', *, *, #1614, .T. );
#814 = ORIENTED_EDGE( '', *, *, #1617, .F. );
#815 = CARTESIAN_POINT( '', ( 25.0000000000000, -2.30000000000000, 2.70000000000000 ) );
#816 = DIRECTION( '', ( 1.00000000000000, -0.000000000000000, -0.000000000000000 ) );
#817 = DIRECTION( '', ( 0.000000000000000, 0.000000000000000, 1.00000000000000 ) );
#818 = ORIENTED_EDGE( '', *, *, #1618, .T. );
#819 = ORIENTED_EDGE( '', *, *, #1608, .F. );
#820 = ORIENTED_EDGE( '', *, *, #1619, .F. );
#821 = ORIENTED_EDGE( '', *, *, #1620, .T. );
#822 = CARTESIAN_POINT( '', ( 25.0000000000000, -5.80000000000000, 5.00000000000000 ) );
#823 = DIRECTION( '', ( -0.000000000000000, 1.00000000000000, 0.000000000000000 ) );
#824 = DIRECTION( '', ( 0.000000000000000, -0.000000000000000, 1.00000000000000 ) );
#825 = ORIENTED_EDGE( '', *, *, #1621, .T. );
#826 = ORIENTED_EDGE( '', *, *, #1620, .F. );
#827 = ORIENTED_EDGE( '', *, *, #1622, .F. );
#828 = ORIENTED_EDGE( '', *, *, #1623, .T. );
#829 = CARTESIAN_POINT( '', ( 25.0000000000000, -2.57000000000000, 5.00000000000000 ) );
#830 = DIRECTION( '', ( 0.000000000000000, 0.000000000000000, -1.00000000000000 ) );
#831 = DIRECTION( '', ( -1.00000000000000, 0.000000000000000, 0.000000000000000 ) );
#832 = ORIENTED_EDGE( '', *, *, #1624, .T. );
#833 = ORIENTED_EDGE( '', *, *, #1623, .F. );
#834 = ORIENTED_EDGE( '', *, *, #1625, .F. );
#835 = ORIENTED_EDGE( '', *, *, #1626, .T. );
#836 = CARTESIAN_POINT( '', ( 25.0000000000000, -2.57000000000000, 2.43000000000000 ) );
#837 = DIRECTION( '', ( 1.00000000000000, -0.000000000000000, -0.000000000000000 ) );
#838 = DIRECTION( '', ( 0.000000000000000, 0.000000000000000, 1.00000000000000 ) );
#839 = ORIENTED_EDGE( '', *, *, #1627, .F. );
#840 = ORIENTED_EDGE( '', *, *, #1628, .F. );
#841 = ORIENTED_EDGE( '', *, *, #1629, .T. );
#842 = ORIENTED_EDGE( '', *, *, #1630, .T. );
#843 = CARTESIAN_POINT( '', ( 23.9800000000000, -5.60000000000000, 3.38000000000000 ) );
#844 = DIRECTION( '', ( 0.000000000000000, -0.0823638287412602, -0.996602327769246 ) );
#845 = DIRECTION( '', ( 0.000000000000000, 0.996602327769246, -0.0823638287412602 ) );
#846 = ORIENTED_EDGE( '', *, *, #1631, .T. );
#847 = ORIENTED_EDGE( '', *, *, #1630, .F. );
#848 = ORIENTED_EDGE( '', *, *, #1632, .F. );
#849 = ORIENTED_EDGE( '', *, *, #1633, .T. );
#850 = CARTESIAN_POINT( '', ( 23.9800000000000, -3.37278091097996, 2.79456860438680 ) );
#851 = DIRECTION( '', ( -1.00000000000000, -0.000000000000000, -0.000000000000000 ) );
#852 = DIRECTION( '', ( 0.000000000000000, 0.000000000000000, -1.00000000000000 ) );
#853 = ORIENTED_EDGE( '', *, *, #1634, .F. );
#854 = ORIENTED_EDGE( '', *, *, #1604, .F. );
#855 = ORIENTED_EDGE( '', *, *, #1635, .T. );
#856 = ORIENTED_EDGE( '', *, *, #1628, .T. );
#857 = CARTESIAN_POINT( '', ( 23.9800000000000, -5.60000000000000, 3.90000000000000 ) );
#858 = DIRECTION( '', ( 0.000000000000000, -1.00000000000000, 0.000000000000000 ) );
#859 = DIRECTION( '', ( 0.000000000000000, 0.000000000000000, -1.00000000000000 ) );
#860 = ORIENTED_EDGE( '', *, *, #1617, .T. );
#861 = ORIENTED_EDGE( '', *, *, #1613, .T. );
#862 = ORIENTED_EDGE( '', *, *, #1636, .T. );
#863 = ORIENTED_EDGE( '', *, *, #1637, .T. );
#864 = ORIENTED_EDGE( '', *, *, #1638, .F. );
#865 = ORIENTED_EDGE( '', *, *, #1639, .F. );
#866 = ORIENTED_EDGE( '', *, *, #1640, .F. );
#867 = ORIENTED_EDGE( '', *, *, #1641, .T. );
#868 = ORIENTED_EDGE( '', *, *, #1642, .T. );
#869 = ORIENTED_EDGE( '', *, *, #1643, .T. );
#870 = ORIENTED_EDGE( '', *, *, #1644, .T. );
#871 = ORIENTED_EDGE( '', *, *, #1645, .T. );
#872 = CARTESIAN_POINT( '', ( 1.02000000000000, -2.30000000000000, 2.70000000000000 ) );
#873 = DIRECTION( '', ( 1.00000000000000, 0.000000000000000, 0.000000000000000 ) );
#874 = DIRECTION( '', ( 0.000000000000000, 0.000000000000000, -1.00000000000000 ) );
#875 = ORIENTED_EDGE( '', *, *, #1646, .F. );
#876 = ORIENTED_EDGE( '', *, *, #1647, .F. );
#877 = ORIENTED_EDGE( '', *, *, #1648, .F. );
#878 = ORIENTED_EDGE( '', *, *, #1649, .F. );
#879 = ORIENTED_EDGE( '', *, *, #1650, .F. );
#880 = ORIENTED_EDGE( '', *, *, #1651, .F. );
#881 = ORIENTED_EDGE( '', *, *, #1652, .T. );
#882 = ORIENTED_EDGE( '', *, *, #1653, .T. );
#883 = ORIENTED_EDGE( '', *, *, #1654, .T. );
#884 = ORIENTED_EDGE( '', *, *, #1655, .F. );
#885 = ORIENTED_EDGE( '', *, *, #1656, .F. );
#886 = ORIENTED_EDGE( '', *, *, #1611, .F. );
#887 = CARTESIAN_POINT( '', ( 0.0200000000000000, -2.30000000000000, 2.70000000000000 ) );
#888 = DIRECTION( '', ( 1.00000000000000, 0.000000000000000, 0.000000000000000 ) );
#889 = DIRECTION( '', ( 0.000000000000000, 0.000000000000000, -1.00000000000000 ) );
#890 = ORIENTED_EDGE( '', *, *, #1650, .T. );
#891 = ORIENTED_EDGE( '', *, *, #1657, .F. );
#892 = ORIENTED_EDGE( '', *, *, #1642, .F. );
#893 = ORIENTED_EDGE( '', *, *, #1658, .T. );
#894 = CARTESIAN_POINT( '', ( 1.02000000000000, -5.60000000000000, -3.38000000000000 ) );
#895 = DIRECTION( '', ( -0.000000000000000, 1.00000000000000, 0.000000000000000 ) );
#896 = DIRECTION( '', ( 0.000000000000000, -0.000000000000000, 1.00000000000000 ) );
#897 = ORIENTED_EDGE( '', *, *, #1651, .T. );
#898 = ORIENTED_EDGE( '', *, *, #1658, .F. );
#899 = ORIENTED_EDGE( '', *, *, #1641, .F. );
#900 = ORIENTED_EDGE( '', *, *, #1659, .T. );
#901 = CARTESIAN_POINT( '', ( 1.02000000000000, -3.33983537948345, -3.19320953549450 ) );
#902 = DIRECTION( '', ( 0.000000000000000, 0.0823638287412602, -0.996602327769246 ) );
#903 = DIRECTION( '', ( 0.000000000000000, 0.996602327769246, 0.0823638287412602 ) );
#904 = ORIENTED_EDGE( '', *, *, #1652, .F. );
#905 = ORIENTED_EDGE( '', *, *, #1659, .F. );
#906 = ORIENTED_EDGE( '', *, *, #1640, .T. );
#907 = ORIENTED_EDGE( '', *, *, #1660, .T. );
#908 = CARTESIAN_POINT( '', ( 1.02000000000000, -3.37278091097995, -2.79456860438681 ) );
#909 = DIRECTION( '', ( 1.00000000000000, -0.000000000000000, -0.000000000000000 ) );
#910 = DIRECTION( '', ( 0.000000000000000, 0.000000000000000, 1.00000000000000 ) );
#911 = ORIENTED_EDGE( '', *, *, #1653, .F. );
#912 = ORIENTED_EDGE( '', *, *, #1660, .F. );
#913 = ORIENTED_EDGE( '', *, *, #1639, .T. );
#914 = ORIENTED_EDGE( '', *, *, #1661, .T. );
#915 = CARTESIAN_POINT( '', ( 1.02000000000000, -6.64086694341172, 1.08420217248550E-15 ) );
#916 = DIRECTION( '', ( 1.00000000000000, -0.000000000000000, -0.000000000000000 ) );
#917 = DIRECTION( '', ( 0.000000000000000, 0.000000000000000, 1.00000000000000 ) );
#918 = ORIENTED_EDGE( '', *, *, #1654, .F. );
#919 = ORIENTED_EDGE( '', *, *, #1661, .F. );
#920 = ORIENTED_EDGE( '', *, *, #1638, .T. );
#921 = ORIENTED_EDGE( '', *, *, #1662, .T. );
#922 = CARTESIAN_POINT( '', ( 1.02000000000000, -3.37278091097996, 2.79456860438680 ) );
#923 = DIRECTION( '', ( 1.00000000000000, -0.000000000000000, -0.000000000000000 ) );
#924 = DIRECTION( '', ( 0.000000000000000, 0.000000000000000, 1.00000000000000 ) );
#925 = ORIENTED_EDGE( '', *, *, #1655, .T. );
#926 = ORIENTED_EDGE( '', *, *, #1662, .F. );
#927 = ORIENTED_EDGE( '', *, *, #1637, .F. );
#928 = ORIENTED_EDGE( '', *, *, #1663, .T. );
#929 = CARTESIAN_POINT( '', ( 1.02000000000000, -5.60000000000000, 3.38000000000000 ) );
#930 = DIRECTION( '', ( -0.000000000000000, 0.0823638287412602, 0.996602327769246 ) );
#931 = DIRECTION( '', ( 0.000000000000000, -0.996602327769246, 0.0823638287412602 ) );
#932 = ORIENTED_EDGE( '', *, *, #1656, .T. );
#933 = ORIENTED_EDGE( '', *, *, #1663, .F. );
#934 = ORIENTED_EDGE( '', *, *, #1636, .F. );
#935 = ORIENTED_EDGE( '', *, *, #1612, .T. );
#936 = CARTESIAN_POINT( '', ( 1.02000000000000, -5.60000000000000, 3.90000000000000 ) );
#937 = DIRECTION( '', ( -0.000000000000000, 1.00000000000000, 0.000000000000000 ) );
#938 = DIRECTION( '', ( 0.000000000000000, -0.000000000000000, 1.00000000000000 ) );
#939 = ORIENTED_EDGE( '', *, *, #1625, .T. );
#940 = ORIENTED_EDGE( '', *, *, #1622, .T. );
#941 = ORIENTED_EDGE( '', *, *, #1619, .T. );
#942 = ORIENTED_EDGE( '', *, *, #1607, .T. );
#943 = ORIENTED_EDGE( '', *, *, #1664, .F. );
#944 = ORIENTED_EDGE( '', *, *, #1665, .T. );
#945 = ORIENTED_EDGE( '', *, *, #1666, .F. );
#946 = ORIENTED_EDGE( '', *, *, #1667, .T. );
#947 = ORIENTED_EDGE( '', *, *, #1668, .T. );
#948 = ORIENTED_EDGE( '', *, *, #1669, .T. );
#949 = ORIENTED_EDGE( '', *, *, #1670, .T. );
#950 = ORIENTED_EDGE( '', *, *, #1671, .T. );
#951 = CARTESIAN_POINT( '', ( 25.0000000000000, -2.57000000000000, 2.43000000000000 ) );
#952 = DIRECTION( '', ( 1.00000000000000, 0.000000000000000, 0.000000000000000 ) );
#953 = DIRECTION( '', ( 0.000000000000000, 0.000000000000000, -1.00000000000000 ) );
#954 = ORIENTED_EDGE( '', *, *, #1624, .F. );
#955 = ORIENTED_EDGE( '', *, *, #1672, .F. );
#956 = ORIENTED_EDGE( '', *, *, #1673, .F. );
#957 = ORIENTED_EDGE( '', *, *, #1674, .F. );
#958 = ORIENTED_EDGE( '', *, *, #1675, .F. );
#959 = ORIENTED_EDGE( '', *, *, #1676, .F. );
#960 = ORIENTED_EDGE( '', *, *, #1677, .T. );
#961 = ORIENTED_EDGE( '', *, *, #1678, .F. );
#962 = ORIENTED_EDGE( '', *, *, #1679, .T. );
#963 = ORIENTED_EDGE( '', *, *, #1609, .F. );
#964 = ORIENTED_EDGE( '', *, *, #1618, .F. );
#965 = ORIENTED_EDGE( '', *, *, #1621, .F. );
#966 = CARTESIAN_POINT( '', ( 0.000000000000000, -2.57000000000000, 2.43000000000000 ) );
#967 = DIRECTION( '', ( 1.00000000000000, 0.000000000000000, 0.000000000000000 ) );
#968 = DIRECTION( '', ( 0.000000000000000, 0.000000000000000, -1.00000000000000 ) );
#969 = ORIENTED_EDGE( '', *, *, #1680, .T. );
#970 = ORIENTED_EDGE( '', *, *, #1681, .T. );
#971 = ORIENTED_EDGE( '', *, *, #1672, .T. );
#972 = ORIENTED_EDGE( '', *, *, #1626, .F. );
#973 = ORIENTED_EDGE( '', *, *, #1671, .F. );
#974 = ORIENTED_EDGE( '', *, *, #1682, .T. );
#975 = CARTESIAN_POINT( '', ( 25.0000000000000, 0.000000000000000, -2.43000000000000 ) );
#976 = DIRECTION( '', ( 0.000000000000000, -1.00000000000000, 0.000000000000000 ) );
#977 = DIRECTION( '', ( 0.000000000000000, 0.000000000000000, -1.00000000000000 ) );
#978 = ORIENTED_EDGE( '', *, *, #1673, .T. );
#979 = ORIENTED_EDGE( '', *, *, #1682, .F. );
#980 = ORIENTED_EDGE( '', *, *, #1670, .F. );
#981 = ORIENTED_EDGE( '', *, *, #1683, .T. );
#982 = CARTESIAN_POINT( '', ( 25.0000000000000, -2.57000000000000, -2.43000000000000 ) );
#983 = DIRECTION( '', ( 1.00000000000000, -0.000000000000000, -0.000000000000000 ) );
#984 = DIRECTION( '', ( 0.000000000000000, 0.000000000000000, 1.00000000000000 ) );
#985 = ORIENTED_EDGE( '', *, *, #1674, .T. );
#986 = ORIENTED_EDGE( '', *, *, #1683, .F. );
#987 = ORIENTED_EDGE( '', *, *, #1669, .F. );
#988 = ORIENTED_EDGE( '', *, *, #1684, .T. );
#989 = CARTESIAN_POINT( '', ( 25.0000000000000, -5.80000000000000, -5.00000000000000 ) );
#990 = DIRECTION( '', ( 0.000000000000000, 0.000000000000000, 1.00000000000000 ) );
#991 = DIRECTION( '', ( 1.00000000000000, 0.000000000000000, -0.000000000000000 ) );
#992 = ORIENTED_EDGE( '', *, *, #1675, .T. );
#993 = ORIENTED_EDGE( '', *, *, #1684, .F. );
#994 = ORIENTED_EDGE( '', *, *, #1668, .F. );
#995 = ORIENTED_EDGE( '', *, *, #1685, .T. );
#996 = CARTESIAN_POINT( '', ( 25.0000000000000, -5.80000000000000, -3.90000000000000 ) );
#997 = DIRECTION( '', ( -0.000000000000000, 1.00000000000000, 0.000000000000000 ) );
#998 = DIRECTION( '', ( 0.000000000000000, -0.000000000000000, 1.00000000000000 ) );
#999 = ORIENTED_EDGE( '', *, *, #1686, .F. );
#1000 = ORIENTED_EDGE( '', *, *, #1687, .T. );
#1001 = ORIENTED_EDGE( '', *, *, #1688, .F. );
#1002 = ORIENTED_EDGE( '', *, *, #1689, .F. );
#1003 = ORIENTED_EDGE( '', *, *, #1690, .T. );
#1004 = ORIENTED_EDGE( '', *, *, #1691, .T. );
#1005 = ORIENTED_EDGE( '', *, *, #1643, .F. );
#1006 = ORIENTED_EDGE( '', *, *, #1657, .T. );
#1007 = ORIENTED_EDGE( '', *, *, #1649, .T. );
#1008 = ORIENTED_EDGE( '', *, *, #1692, .T. );
#1009 = ORIENTED_EDGE( '', *, *, #1676, .T. );
#1010 = ORIENTED_EDGE( '', *, *, #1685, .F. );
#1011 = ORIENTED_EDGE( '', *, *, #1667, .F. );
#1012 = ORIENTED_EDGE( '', *, *, #1693, .T. );
#1013 = ORIENTED_EDGE( '', *, *, #1694, .F. );
#1014 = ORIENTED_EDGE( '', *, *, #1695, .F. );
#1015 = CARTESIAN_POINT( '', ( 25.0000000000000, -2.30000000000000, -3.90000000000000 ) );
#1016 = DIRECTION( '', ( 0.000000000000000, 0.000000000000000, -1.00000000000000 ) );
#1017 = DIRECTION( '', ( -1.00000000000000, 0.000000000000000, 0.000000000000000 ) );
#1018 = ORIENTED_EDGE( '', *, *, #1696, .F. );
#1019 = ORIENTED_EDGE( '', *, *, #1693, .F. );
#1020 = ORIENTED_EDGE( '', *, *, #1666, .T. );
#1021 = ORIENTED_EDGE( '', *, *, #1697, .T. );
#1022 = CARTESIAN_POINT( '', ( 25.0000000000000, -2.30000000000000, -2.70000000000000 ) );
#1023 = DIRECTION( '', ( 1.00000000000000, -0.000000000000000, -0.000000000000000 ) );
#1024 = DIRECTION( '', ( 0.000000000000000, 0.000000000000000, 1.00000000000000 ) );
#1025 = ORIENTED_EDGE( '', *, *, #1698, .T. );
#1026 = ORIENTED_EDGE( '', *, *, #1699, .F. );
#1027 = ORIENTED_EDGE( '', *, *, #1697, .F. );
#1028 = ORIENTED_EDGE( '', *, *, #1665, .F. );
#1029 = CARTESIAN_POINT( '', ( 25.0000000000000, -1.10000000000000, 2.70000000000000 ) );
#1030 = DIRECTION( '', ( -0.000000000000000, 1.00000000000000, 0.000000000000000 ) );
#1031 = DIRECTION( '', ( 0.000000000000000, -0.000000000000000, 1.00000000000000 ) );
#1032 = ORIENTED_EDGE( '', *, *, #1700, .F. );
#1033 = ORIENTED_EDGE( '', *, *, #1698, .F. );
#1034 = ORIENTED_EDGE( '', *, *, #1664, .T. );
#1035 = ORIENTED_EDGE( '', *, *, #1606, .T. );
#1036 = CARTESIAN_POINT( '', ( 25.0000000000000, -2.30000000000000, 2.70000000000000 ) );
#1037 = DIRECTION( '', ( 1.00000000000000, -0.000000000000000, -0.000000000000000 ) );
#1038 = DIRECTION( '', ( 0.000000000000000, 0.000000000000000, 1.00000000000000 ) );
#1039 = ORIENTED_EDGE( '', *, *, #1701, .F. );
#1040 = ORIENTED_EDGE( '', *, *, #1702, .F. );
#1041 = ORIENTED_EDGE( '', *, *, #1703, .T. );
#1042 = ORIENTED_EDGE( '', *, *, #1615, .T. );
#1043 = ORIENTED_EDGE( '', *, *, #1645, .F. );
#1044 = ORIENTED_EDGE( '', *, *, #1704, .F. );
#1045 = CARTESIAN_POINT( '', ( 25.0000000000000, -1.10000000000000, 2.70000000000000 ) );
#1046 = DIRECTION( '', ( -0.000000000000000, 1.00000000000000, 0.000000000000000 ) );
#1047 = DIRECTION( '', ( 0.000000000000000, -0.000000000000000, 1.00000000000000 ) );
#1048 = ORIENTED_EDGE( '', *, *, #1647, .T. );
#1049 = ORIENTED_EDGE( '', *, *, #1705, .T. );
#1050 = ORIENTED_EDGE( '', *, *, #1678, .T. );
#1051 = ORIENTED_EDGE( '', *, *, #1706, .F. );
#1052 = CARTESIAN_POINT( '', ( 25.0000000000000, -1.10000000000000, 2.70000000000000 ) );
#1053 = DIRECTION( '', ( -0.000000000000000, 1.00000000000000, 0.000000000000000 ) );
#1054 = DIRECTION( '', ( 0.000000000000000, -0.000000000000000, 1.00000000000000 ) );
#1055 = ORIENTED_EDGE( '', *, *, #1692, .F. );
#1056 = ORIENTED_EDGE( '', *, *, #1648, .T. );
#1057 = ORIENTED_EDGE( '', *, *, #1706, .T. );
#1058 = ORIENTED_EDGE( '', *, *, #1677, .F. );
#1059 = CARTESIAN_POINT( '', ( 25.0000000000000, -2.30000000000000, -2.70000000000000 ) );
#1060 = DIRECTION( '', ( 1.00000000000000, -0.000000000000000, -0.000000000000000 ) );
#1061 = DIRECTION( '', ( 0.000000000000000, 0.000000000000000, 1.00000000000000 ) );
#1062 = ORIENTED_EDGE( '', *, *, #1705, .F. );
#1063 = ORIENTED_EDGE( '', *, *, #1646, .T. );
#1064 = ORIENTED_EDGE( '', *, *, #1610, .T. );
#1065 = ORIENTED_EDGE( '', *, *, #1679, .F. );
#1066 = CARTESIAN_POINT( '', ( 25.0000000000000, -2.30000000000000, 2.70000000000000 ) );
#1067 = DIRECTION( '', ( 1.00000000000000, -0.000000000000000, -0.000000000000000 ) );
#1068 = DIRECTION( '', ( 0.000000000000000, 0.000000000000000, 1.00000000000000 ) );
#1069 = ORIENTED_EDGE( '', *, *, #1691, .F. );
#1070 = ORIENTED_EDGE( '', *, *, #1707, .T. );
#1071 = ORIENTED_EDGE( '', *, *, #1704, .T. );
#1072 = ORIENTED_EDGE( '', *, *, #1644, .F. );
#1073 = CARTESIAN_POINT( '', ( 25.0000000000000, -2.30000000000000, -2.70000000000000 ) );
#1074 = DIRECTION( '', ( 1.00000000000000, -0.000000000000000, -0.000000000000000 ) );
#1075 = DIRECTION( '', ( 0.000000000000000, 0.000000000000000, 1.00000000000000 ) );
#1076 = ORIENTED_EDGE( '', *, *, #1702, .T. );
#1077 = ORIENTED_EDGE( '', *, *, #1708, .F. );
#1078 = CARTESIAN_POINT( '', ( 5.00000000000000, -0.856500000000000, 0.000000000000000 ) );
#1079 = DIRECTION( '', ( -0.000000000000000, -1.00000000000000, -0.000000000000000 ) );
#1080 = DIRECTION( '', ( 0.000000000000000, 0.000000000000000, -1.00000000000000 ) );
#1081 = ORIENTED_EDGE( '', *, *, #1708, .T. );
#1082 = ORIENTED_EDGE( '', *, *, #1709, .F. );
#1083 = CARTESIAN_POINT( '', ( 5.00000000000000, -1.10000000000000, 0.000000000000000 ) );
#1084 = DIRECTION( '', ( -0.000000000000000, 1.00000000000000, 0.000000000000000 ) );
#1085 = DIRECTION( '', ( 0.000000000000000, 0.000000000000000, -1.00000000000000 ) );
#1086 = ORIENTED_EDGE( '', *, *, #1709, .T. );
#1087 = ORIENTED_EDGE( '', *, *, #1681, .F. );
#1088 = CARTESIAN_POINT( '', ( 5.00000000000000, 0.000000000000000, 0.000000000000000 ) );
#1089 = DIRECTION( '', ( -0.000000000000000, 1.00000000000000, 0.000000000000000 ) );
#1090 = DIRECTION( '', ( 0.000000000000000, -0.000000000000000, 1.00000000000000 ) );
#1091 = ORIENTED_EDGE( '', *, *, #1700, .T. );
#1092 = ORIENTED_EDGE( '', *, *, #1605, .T. );
#1093 = ORIENTED_EDGE( '', *, *, #1634, .T. );
#1094 = ORIENTED_EDGE( '', *, *, #1627, .T. );
#1095 = ORIENTED_EDGE( '', *, *, #1631, .F. );
#1096 = ORIENTED_EDGE( '', *, *, #1710, .F. );
#1097 = ORIENTED_EDGE( '', *, *, #1711, .F. );
#1098 = ORIENTED_EDGE( '', *, *, #1712, .T. );
#1099 = ORIENTED_EDGE( '', *, *, #1713, .T. );
#1100 = ORIENTED_EDGE( '', *, *, #1694, .T. );
#1101 = ORIENTED_EDGE( '', *, *, #1696, .T. );
#1102 = ORIENTED_EDGE( '', *, *, #1699, .T. );
#1103 = CARTESIAN_POINT( '', ( 24.9800000000000, -2.30000000000000, 2.70000000000000 ) );
#1104 = DIRECTION( '', ( 1.00000000000000, 0.000000000000000, 0.000000000000000 ) );
#1105 = DIRECTION( '', ( 0.000000000000000, 0.000000000000000, -1.00000000000000 ) );
#1106 = ORIENTED_EDGE( '', *, *, #1616, .F. );
#1107 = ORIENTED_EDGE( '', *, *, #1703, .F. );
#1108 = ORIENTED_EDGE( '', *, *, #1707, .F. );
#1109 = ORIENTED_EDGE( '', *, *, #1690, .F. );
#1110 = ORIENTED_EDGE( '', *, *, #1714, .F. );
#1111 = ORIENTED_EDGE( '', *, *, #1715, .F. );
#1112 = ORIENTED_EDGE( '', *, *, #1716, .T. );
#1113 = ORIENTED_EDGE( '', *, *, #1717, .T. );
#1114 = ORIENTED_EDGE( '', *, *, #1632, .T. );
#1115 = ORIENTED_EDGE( '', *, *, #1629, .F. );
#1116 = ORIENTED_EDGE( '', *, *, #1635, .F. );
#1117 = ORIENTED_EDGE( '', *, *, #1603, .F. );
#1118 = CARTESIAN_POINT( '', ( 23.9800000000000, -2.30000000000000, 2.70000000000000 ) );
#1119 = DIRECTION( '', ( 1.00000000000000, 0.000000000000000, 0.000000000000000 ) );
#1120 = DIRECTION( '', ( 0.000000000000000, 0.000000000000000, -1.00000000000000 ) );
#1121 = ORIENTED_EDGE( '', *, *, #1713, .F. );
#1122 = ORIENTED_EDGE( '', *, *, #1718, .F. );
#1123 = ORIENTED_EDGE( '', *, *, #1714, .T. );
#1124 = ORIENTED_EDGE( '', *, *, #1695, .T. );
#1125 = CARTESIAN_POINT( '', ( 23.9800000000000, -5.60000000000000, -3.38000000000000 ) );
#1126 = DIRECTION( '', ( 0.000000000000000, -1.00000000000000, 0.000000000000000 ) );
#1127 = DIRECTION( '', ( 0.000000000000000, 0.000000000000000, -1.00000000000000 ) );
#1128 = ORIENTED_EDGE( '', *, *, #1712, .F. );
#1129 = ORIENTED_EDGE( '', *, *, #1719, .F. );
#1130 = ORIENTED_EDGE( '', *, *, #1715, .T. );
#1131 = ORIENTED_EDGE( '', *, *, #1718, .T. );
#1132 = CARTESIAN_POINT( '', ( 23.9800000000000, -3.33983537948345, -3.19320953549450 ) );
#1133 = DIRECTION( '', ( 0.000000000000000, -0.0823638287412602, 0.996602327769246 ) );
#1134 = DIRECTION( '', ( 0.000000000000000, -0.996602327769246, -0.0823638287412602 ) );
#1135 = ORIENTED_EDGE( '', *, *, #1711, .T. );
#1136 = ORIENTED_EDGE( '', *, *, #1720, .F. );
#1137 = ORIENTED_EDGE( '', *, *, #1716, .F. );
#1138 = ORIENTED_EDGE( '', *, *, #1719, .T. );
#1139 = CARTESIAN_POINT( '', ( 23.9800000000000, -3.37278091097995, -2.79456860438681 ) );
#1140 = DIRECTION( '', ( -1.00000000000000, -0.000000000000000, -0.000000000000000 ) );
#1141 = DIRECTION( '', ( 0.000000000000000, 0.000000000000000, -1.00000000000000 ) );
#1142 = ORIENTED_EDGE( '', *, *, #1710, .T. );
#1143 = ORIENTED_EDGE( '', *, *, #1633, .F. );
#1144 = ORIENTED_EDGE( '', *, *, #1717, .F. );
#1145 = ORIENTED_EDGE( '', *, *, #1720, .T. );
#1146 = CARTESIAN_POINT( '', ( 23.9800000000000, -6.64086694341172, 1.08420217248550E-15 ) );
#1147 = DIRECTION( '', ( -1.00000000000000, -0.000000000000000, -0.000000000000000 ) );
#1148 = DIRECTION( '', ( 0.000000000000000, 0.000000000000000, -1.00000000000000 ) );
#1149 = ORIENTED_EDGE( '', *, *, #1721, .T. );
#1150 = ORIENTED_EDGE( '', *, *, #1680, .F. );
#1151 = CARTESIAN_POINT( '', ( 20.0000000000000, 0.000000000000000, 0.000000000000000 ) );
#1152 = DIRECTION( '', ( -0.000000000000000, 1.00000000000000, 0.000000000000000 ) );
#1153 = DIRECTION( '', ( 0.000000000000000, -0.000000000000000, 1.00000000000000 ) );
#1154 = ORIENTED_EDGE( '', *, *, #1722, .T. );
#1155 = ORIENTED_EDGE( '', *, *, #1721, .F. );
#1156 = CARTESIAN_POINT( '', ( 20.0000000000000, -1.10000000000000, 0.000000000000000 ) );
#1157 = DIRECTION( '', ( -0.000000000000000, 1.00000000000000, 0.000000000000000 ) );
#1158 = DIRECTION( '', ( 0.000000000000000, 0.000000000000000, -1.00000000000000 ) );
#1159 = ORIENTED_EDGE( '', *, *, #1701, .T. );
#1160 = ORIENTED_EDGE( '', *, *, #1722, .F. );
#1161 = CARTESIAN_POINT( '', ( 20.0000000000000, -0.856500000000000, 0.000000000000000 ) );
#1162 = DIRECTION( '', ( -0.000000000000000, -1.00000000000000, -0.000000000000000 ) );
#1163 = DIRECTION( '', ( 0.000000000000000, 0.000000000000000, -1.00000000000000 ) );
#1164 = ORIENTED_EDGE( '', *, *, #1688, .T. );
#1165 = ORIENTED_EDGE( '', *, *, #1723, .T. );
#1166 = ORIENTED_EDGE( '', *, *, #1686, .T. );
#1167 = ORIENTED_EDGE( '', *, *, #1724, .F. );
#1168 = CARTESIAN_POINT( '', ( 20.1500000000000, -4.20000000000000, -3.35000000000000 ) );
#1169 = DIRECTION( '', ( 1.00000000000000, -0.000000000000000, -0.000000000000000 ) );
#1170 = DIRECTION( '', ( 0.000000000000000, 0.000000000000000, 1.00000000000000 ) );
#1171 = ORIENTED_EDGE( '', *, *, #1689, .T. );
#1172 = ORIENTED_EDGE( '', *, *, #1724, .T. );
#1173 = CARTESIAN_POINT( '', ( 4.85000000000000, -4.20000000000000, -3.35000000000000 ) );
#1174 = DIRECTION( '', ( 1.00000000000000, 0.000000000000000, 0.000000000000000 ) );
#1175 = DIRECTION( '', ( 0.000000000000000, 0.000000000000000, -1.00000000000000 ) );
#1176 = ORIENTED_EDGE( '', *, *, #1723, .F. );
#1177 = ORIENTED_EDGE( '', *, *, #1687, .F. );
#1178 = CARTESIAN_POINT( '', ( 20.1500000000000, -4.20000000000000, -3.35000000000000 ) );
#1179 = DIRECTION( '', ( 1.00000000000000, 0.000000000000000, 0.000000000000000 ) );
#1180 = DIRECTION( '', ( 0.000000000000000, 0.000000000000000, -1.00000000000000 ) );
#1181 = ORIENTED_EDGE( '', *, *, #1725, .T. );
#1182 = ORIENTED_EDGE( '', *, *, #1726, .F. );
#1183 = ORIENTED_EDGE( '', *, *, #1727, .F. );
#1184 = ORIENTED_EDGE( '', *, *, #1728, .T. );
#1185 = CARTESIAN_POINT( '', ( 15.3000000000000, 1.08420217248550E-16, 7.58941520739853E-16 ) );
#1186 = DIRECTION( '', ( 1.00000000000000, -0.000000000000000, -0.000000000000000 ) );
#1187 = DIRECTION( '', ( 0.000000000000000, 0.000000000000000, 1.00000000000000 ) );
#1188 = ORIENTED_EDGE( '', *, *, #1729, .T. );
#1189 = ORIENTED_EDGE( '', *, *, #1730, .F. );
#1190 = ORIENTED_EDGE( '', *, *, #1731, .F. );
#1191 = ORIENTED_EDGE( '', *, *, #1726, .T. );
#1192 = CARTESIAN_POINT( '', ( 15.3000000000000, -0.952627944162883, 0.550000000000000 ) );
#1193 = DIRECTION( '', ( 0.000000000000000, 0.000000000000000, -1.00000000000000 ) );
#1194 = DIRECTION( '', ( -1.00000000000000, 0.000000000000000, 0.000000000000000 ) );
#1195 = ORIENTED_EDGE( '', *, *, #1732, .T. );
#1196 = ORIENTED_EDGE( '', *, *, #1728, .F. );
#1197 = ORIENTED_EDGE( '', *, *, #1733, .F. );
#1198 = ORIENTED_EDGE( '', *, *, #1734, .T. );
#1199 = CARTESIAN_POINT( '', ( 15.3000000000000, 1.60000000000000, 0.550000000000000 ) );
#1200 = DIRECTION( '', ( 0.000000000000000, 0.000000000000000, -1.00000000000000 ) );
#1201 = DIRECTION( '', ( -1.00000000000000, 0.000000000000000, 0.000000000000000 ) );
#1202 = ORIENTED_EDGE( '', *, *, #1735, .T. );
#1203 = ORIENTED_EDGE( '', *, *, #1736, .F. );
#1204 = ORIENTED_EDGE( '', *, *, #1737, .F. );
#1205 = ORIENTED_EDGE( '', *, *, #1730, .T. );
#1206 = CARTESIAN_POINT( '', ( 15.3000000000000, -1.60000000000000, 0.550000000000000 ) );
#1207 = DIRECTION( '', ( -0.000000000000000, 1.00000000000000, 0.000000000000000 ) );
#1208 = DIRECTION( '', ( 0.000000000000000, -0.000000000000000, 1.00000000000000 ) );
#1209 = ORIENTED_EDGE( '', *, *, #1738, .T. );
#1210 = ORIENTED_EDGE( '', *, *, #1739, .F. );
#1211 = ORIENTED_EDGE( '', *, *, #1740, .F. );
#1212 = ORIENTED_EDGE( '', *, *, #1736, .T. );
#1213 = CARTESIAN_POINT( '', ( 15.3000000000000, -1.60000000000000, -0.550000000000000 ) );
#1214 = DIRECTION( '', ( 0.000000000000000, 0.000000000000000, 1.00000000000000 ) );
#1215 = DIRECTION( '', ( 1.00000000000000, 0.000000000000000, -0.000000000000000 ) );
#1216 = ORIENTED_EDGE( '', *, *, #1741, .T. );
#1217 = ORIENTED_EDGE( '', *, *, #1742, .F. );
#1218 = ORIENTED_EDGE( '', *, *, #1743, .F. );
#1219 = ORIENTED_EDGE( '', *, *, #1739, .T. );
#1220 = CARTESIAN_POINT( '', ( 15.3000000000000, -5.42101086242752E-17, -7.58941520739853E-16 ) );
#1221 = DIRECTION( '', ( 1.00000000000000, -0.000000000000000, -0.000000000000000 ) );
#1222 = DIRECTION( '', ( 0.000000000000000, 0.000000000000000, 1.00000000000000 ) );
#1223 = ORIENTED_EDGE( '', *, *, #1744, .T. );
#1224 = ORIENTED_EDGE( '', *, *, #1745, .F. );
#1225 = ORIENTED_EDGE( '', *, *, #1746, .F. );
#1226 = ORIENTED_EDGE( '', *, *, #1742, .T. );
#1227 = CARTESIAN_POINT( '', ( 15.3000000000000, 0.952627944162883, -0.550000000000000 ) );
#1228 = DIRECTION( '', ( 0.000000000000000, 0.000000000000000, 1.00000000000000 ) );
#1229 = DIRECTION( '', ( 1.00000000000000, 0.000000000000000, -0.000000000000000 ) );
#1230 = ORIENTED_EDGE( '', *, *, #1747, .T. );
#1231 = ORIENTED_EDGE( '', *, *, #1734, .F. );
#1232 = ORIENTED_EDGE( '', *, *, #1748, .F. );
#1233 = ORIENTED_EDGE( '', *, *, #1745, .T. );
#1234 = CARTESIAN_POINT( '', ( 15.3000000000000, 1.60000000000000, -0.550000000000000 ) );
#1235 = DIRECTION( '', ( 0.000000000000000, -1.00000000000000, 0.000000000000000 ) );
#1236 = DIRECTION( '', ( 0.000000000000000, 0.000000000000000, -1.00000000000000 ) );
#1237 = ORIENTED_EDGE( '', *, *, #1732, .F. );
#1238 = ORIENTED_EDGE( '', *, *, #1747, .F. );
#1239 = ORIENTED_EDGE( '', *, *, #1744, .F. );
#1240 = ORIENTED_EDGE( '', *, *, #1741, .F. );
#1241 = ORIENTED_EDGE( '', *, *, #1738, .F. );
#1242 = ORIENTED_EDGE( '', *, *, #1735, .F. );
#1243 = ORIENTED_EDGE( '', *, *, #1729, .F. );
#1244 = ORIENTED_EDGE( '', *, *, #1725, .F. );
#1245 = CARTESIAN_POINT( '', ( 0.000000000000000, 1.08420217248550E-16, 7.58941520739853E-16 ) );
#1246 = DIRECTION( '', ( 1.00000000000000, 0.000000000000000, 0.000000000000000 ) );
#1247 = DIRECTION( '', ( 0.000000000000000, 0.000000000000000, -1.00000000000000 ) );
#1248 = ORIENTED_EDGE( '', *, *, #1733, .T. );
#1249 = ORIENTED_EDGE( '', *, *, #1727, .T. );
#1250 = ORIENTED_EDGE( '', *, *, #1731, .T. );
#1251 = ORIENTED_EDGE( '', *, *, #1737, .T. );
#1252 = ORIENTED_EDGE( '', *, *, #1740, .T. );
#1253 = ORIENTED_EDGE( '', *, *, #1743, .T. );
#1254 = ORIENTED_EDGE( '', *, *, #1746, .T. );
#1255 = ORIENTED_EDGE( '', *, *, #1748, .T. );
#1256 = CARTESIAN_POINT( '', ( 15.3000000000000, 1.08420217248550E-16, 7.58941520739853E-16 ) );
#1257 = DIRECTION( '', ( 1.00000000000000, 0.000000000000000, 0.000000000000000 ) );
#1258 = DIRECTION( '', ( 0.000000000000000, 0.000000000000000, -1.00000000000000 ) );
#1259 = ORIENTED_EDGE( '', *, *, #1749, .F. );
#1260 = ORIENTED_EDGE( '', *, *, #1750, .F. );
#1261 = ORIENTED_EDGE( '', *, *, #1751, .F. );
#1262 = ORIENTED_EDGE( '', *, *, #1752, .T. );
#1263 = ORIENTED_EDGE( '', *, *, #1753, .F. );
#1264 = ORIENTED_EDGE( '', *, *, #1754, .F. );
#1265 = ORIENTED_EDGE( '', *, *, #1755, .F. );
#1266 = ORIENTED_EDGE( '', *, *, #1756, .F. );
#1267 = ORIENTED_EDGE( '', *, *, #1757, .F. );
#1268 = ORIENTED_EDGE( '', *, *, #1758, .F. );
#1269 = CARTESIAN_POINT( '', ( 0.000000000000000, 0.499999999999999, 2.74183296612723 ) );
#1270 = DIRECTION( '', ( 1.00000000000000, 0.000000000000000, 0.000000000000000 ) );
#1271 = DIRECTION( '', ( 0.000000000000000, 0.000000000000000, -1.00000000000000 ) );
#1272 = ORIENTED_EDGE( '', *, *, #1759, .T. );
#1273 = ORIENTED_EDGE( '', *, *, #1760, .T. );
#1274 = ORIENTED_EDGE( '', *, *, #1761, .F. );
#1275 = ORIENTED_EDGE( '', *, *, #1762, .F. );
#1276 = ORIENTED_EDGE( '', *, *, #1763, .F. );
#1277 = ORIENTED_EDGE( '', *, *, #1764, .F. );
#1278 = ORIENTED_EDGE( '', *, *, #1765, .F. );
#1279 = ORIENTED_EDGE( '', *, *, #1766, .T. );
#1280 = ORIENTED_EDGE( '', *, *, #1767, .F. );
#1281 = ORIENTED_EDGE( '', *, *, #1768, .F. );
#1282 = ORIENTED_EDGE( '', *, *, #1769, .F. );
#1283 = ORIENTED_EDGE( '', *, *, #1770, .F. );
#1284 = ORIENTED_EDGE( '', *, *, #1771, .F. );
#1285 = ORIENTED_EDGE( '', *, *, #1772, .T. );
#1286 = CARTESIAN_POINT( '', ( 24.0000000000000, 0.499999999999999, 2.74183296612723 ) );
#1287 = DIRECTION( '', ( 1.00000000000000, 0.000000000000000, 0.000000000000000 ) );
#1288 = DIRECTION( '', ( 0.000000000000000, 0.000000000000000, -1.00000000000000 ) );
#1289 = ORIENTED_EDGE( '', *, *, #1750, .T. );
#1290 = ORIENTED_EDGE( '', *, *, #1773, .F. );
#1291 = ORIENTED_EDGE( '', *, *, #1774, .F. );
#1292 = ORIENTED_EDGE( '', *, *, #1775, .T. );
#1293 = CARTESIAN_POINT( '', ( 1.00000000000000, 2.57109960168004, 2.66162276299046 ) );
#1294 = DIRECTION( '', ( 1.00000000000000, -0.000000000000000, -0.000000000000000 ) );
#1295 = DIRECTION( '', ( 0.000000000000000, 0.000000000000000, 1.00000000000000 ) );
#1296 = ORIENTED_EDGE( '', *, *, #1776, .T. );
#1297 = ORIENTED_EDGE( '', *, *, #1777, .T. );
#1298 = ORIENTED_EDGE( '', *, *, #1778, .T. );
#1299 = ORIENTED_EDGE( '', *, *, #1779, .T. );
#1300 = ORIENTED_EDGE( '', *, *, #1780, .F. );
#1301 = ORIENTED_EDGE( '', *, *, #1781, .F. );
#1302 = ORIENTED_EDGE( '', *, *, #1782, .T. );
#1303 = ORIENTED_EDGE( '', *, *, #1783, .T. );
#1304 = ORIENTED_EDGE( '', *, *, #1784, .F. );
#1305 = ORIENTED_EDGE( '', *, *, #1785, .F. );
#1306 = ORIENTED_EDGE( '', *, *, #1786, .F. );
#1307 = ORIENTED_EDGE( '', *, *, #1787, .T. );
#1308 = ORIENTED_EDGE( '', *, *, #1788, .F. );
#1309 = ORIENTED_EDGE( '', *, *, #1759, .F. );
#1310 = CARTESIAN_POINT( '', ( 24.0000000000000, 2.70000000000000, -2.20000000000000 ) );
#1311 = DIRECTION( '', ( 0.000000000000000, -1.00000000000000, 0.000000000000000 ) );
#1312 = DIRECTION( '', ( 0.000000000000000, 0.000000000000000, -1.00000000000000 ) );
#1313 = ORIENTED_EDGE( '', *, *, #1788, .T. );
#1314 = ORIENTED_EDGE( '', *, *, #1789, .T. );
#1315 = ORIENTED_EDGE( '', *, *, #1790, .F. );
#1316 = ORIENTED_EDGE( '', *, *, #1791, .F. );
#1317 = ORIENTED_EDGE( '', *, *, #1784, .T. );
#1318 = ORIENTED_EDGE( '', *, *, #1792, .T. );
#1319 = ORIENTED_EDGE( '', *, *, #1793, .T. );
#1320 = ORIENTED_EDGE( '', *, *, #1794, .F. );
#1321 = ORIENTED_EDGE( '', *, *, #1795, .F. );
#1322 = ORIENTED_EDGE( '', *, *, #1760, .F. );
#1323 = CARTESIAN_POINT( '', ( 24.0000000000000, 2.70000000000000, 2.20000000000000 ) );
#1324 = DIRECTION( '', ( 0.000000000000000, 0.000000000000000, -1.00000000000000 ) );
#1325 = DIRECTION( '', ( -1.00000000000000, 0.000000000000000, 0.000000000000000 ) );
#1326 = ORIENTED_EDGE( '', *, *, #1796, .T. );
#1327 = ORIENTED_EDGE( '', *, *, #1777, .F. );
#1328 = CARTESIAN_POINT( '', ( 5.00000000000000, 2.70000000000000, 0.000000000000000 ) );
#1329 = DIRECTION( '', ( -0.000000000000000, 1.00000000000000, 0.000000000000000 ) );
#1330 = DIRECTION( '', ( 0.000000000000000, -0.000000000000000, 1.00000000000000 ) );
#1331 = ORIENTED_EDGE( '', *, *, #1797, .T. );
#1332 = ORIENTED_EDGE( '', *, *, #1796, .F. );
#1333 = CARTESIAN_POINT( '', ( 5.00000000000000, 0.000000000000000, 0.000000000000000 ) );
#1334 = DIRECTION( '', ( -0.000000000000000, 1.00000000000000, 0.000000000000000 ) );
#1335 = DIRECTION( '', ( 0.000000000000000, 0.000000000000000, -1.00000000000000 ) );
#1336 = ORIENTED_EDGE( '', *, *, #1798, .T. );
#1337 = ORIENTED_EDGE( '', *, *, #1799, .T. );
#1338 = ORIENTED_EDGE( '', *, *, #1800, .T. );
#1339 = ORIENTED_EDGE( '', *, *, #1801, .T. );
#1340 = ORIENTED_EDGE( '', *, *, #1802, .T. );
#1341 = ORIENTED_EDGE( '', *, *, #1803, .T. );
#1342 = ORIENTED_EDGE( '', *, *, #1804, .T. );
#1343 = ORIENTED_EDGE( '', *, *, #1805, .F. );
#1344 = ORIENTED_EDGE( '', *, *, #1806, .T. );
#1345 = ORIENTED_EDGE( '', *, *, #1807, .T. );
#1346 = CARTESIAN_POINT( '', ( 25.0000000000000, 0.499999999999999, 2.74183296612723 ) );
#1347 = DIRECTION( '', ( 1.00000000000000, 0.000000000000000, 0.000000000000000 ) );
#1348 = DIRECTION( '', ( 0.000000000000000, 0.000000000000000, -1.00000000000000 ) );
#1349 = ORIENTED_EDGE( '', *, *, #1764, .T. );
#1350 = ORIENTED_EDGE( '', *, *, #1808, .F. );
#1351 = ORIENTED_EDGE( '', *, *, #1807, .F. );
#1352 = ORIENTED_EDGE( '', *, *, #1809, .T. );
#1353 = CARTESIAN_POINT( '', ( 25.0000000000000, 2.57109960168004, 2.66162276299046 ) );
#1354 = DIRECTION( '', ( 1.00000000000000, -0.000000000000000, -0.000000000000000 ) );
#1355 = DIRECTION( '', ( 0.000000000000000, 0.000000000000000, 1.00000000000000 ) );
#1356 = ORIENTED_EDGE( '', *, *, #1765, .T. );
#1357 = ORIENTED_EDGE( '', *, *, #1809, .F. );
#1358 = ORIENTED_EDGE( '', *, *, #1806, .F. );
#1359 = ORIENTED_EDGE( '', *, *, #1810, .T. );
#1360 = CARTESIAN_POINT( '', ( 25.0000000000000, -0.556679299515466, -0.141411154969885 ) );
#1361 = DIRECTION( '', ( 1.00000000000000, -0.000000000000000, -0.000000000000000 ) );
#1362 = DIRECTION( '', ( 0.000000000000000, 0.000000000000000, 1.00000000000000 ) );
#1363 = ORIENTED_EDGE( '', *, *, #1766, .F. );
#1364 = ORIENTED_EDGE( '', *, *, #1810, .F. );
#1365 = ORIENTED_EDGE( '', *, *, #1805, .T. );
#1366 = ORIENTED_EDGE( '', *, *, #1811, .T. );
#1367 = CARTESIAN_POINT( '', ( 25.0000000000000, 8.09789307770272, -3.46944695195361E-15 ) );
#1368 = DIRECTION( '', ( 1.00000000000000, -0.000000000000000, -0.000000000000000 ) );
#1369 = DIRECTION( '', ( 0.000000000000000, 0.000000000000000, 1.00000000000000 ) );
#1370 = ORIENTED_EDGE( '', *, *, #1767, .T. );
#1371 = ORIENTED_EDGE( '', *, *, #1811, .F. );
#1372 = ORIENTED_EDGE( '', *, *, #1804, .F. );
#1373 = ORIENTED_EDGE( '', *, *, #1812, .T. );
#1374 = CARTESIAN_POINT( '', ( 25.0000000000000, -0.556679299515482, 0.141411154969897 ) );
#1375 = DIRECTION( '', ( 1.00000000000000, -0.000000000000000, -0.000000000000000 ) );
#1376 = DIRECTION( '', ( 0.000000000000000, 0.000000000000000, 1.00000000000000 ) );
#1377 = ORIENTED_EDGE( '', *, *, #1768, .T. );
#1378 = ORIENTED_EDGE( '', *, *, #1812, .F. );
#1379 = ORIENTED_EDGE( '', *, *, #1803, .F. );
#1380 = ORIENTED_EDGE( '', *, *, #1813, .T. );
#1381 = CARTESIAN_POINT( '', ( 25.0000000000000, 2.57109960168005, -2.66162276299046 ) );
#1382 = DIRECTION( '', ( 1.00000000000000, -0.000000000000000, -0.000000000000000 ) );
#1383 = DIRECTION( '', ( 0.000000000000000, 0.000000000000000, 1.00000000000000 ) );
#1384 = ORIENTED_EDGE( '', *, *, #1769, .T. );
#1385 = ORIENTED_EDGE( '', *, *, #1813, .F. );
#1386 = ORIENTED_EDGE( '', *, *, #1802, .F. );
#1387 = ORIENTED_EDGE( '', *, *, #1814, .T. );
#1388 = CARTESIAN_POINT( '', ( 25.0000000000000, 0.553976461481190, -3.13817441186054 ) );
#1389 = DIRECTION( '', ( 0.000000000000000, -0.134941153702975, 0.990853614333273 ) );
#1390 = DIRECTION( '', ( 0.000000000000000, -0.990853614333273, -0.134941153702975 ) );
#1391 = ORIENTED_EDGE( '', *, *, #1770, .T. );
#1392 = ORIENTED_EDGE( '', *, *, #1814, .F. );
#1393 = ORIENTED_EDGE( '', *, *, #1801, .F. );
#1394 = ORIENTED_EDGE( '', *, *, #1815, .T. );
#1395 = CARTESIAN_POINT( '', ( 25.0000000000000, 0.500000000000000, -2.74183296612723 ) );
#1396 = DIRECTION( '', ( 1.00000000000000, -0.000000000000000, -0.000000000000000 ) );
#1397 = DIRECTION( '', ( 0.000000000000000, 0.000000000000000, 1.00000000000000 ) );
#1398 = ORIENTED_EDGE( '', *, *, #1761, .T. );
#1399 = ORIENTED_EDGE( '', *, *, #1816, .T. );
#1400 = ORIENTED_EDGE( '', *, *, #1771, .T. );
#1401 = ORIENTED_EDGE( '', *, *, #1815, .F. );
#1402 = ORIENTED_EDGE( '', *, *, #1800, .F. );
#1403 = ORIENTED_EDGE( '', *, *, #1817, .T. );
#1404 = CARTESIAN_POINT( '', ( 25.0000000000000, 0.100000000000000, 2.74183296612723 ) );
#1405 = DIRECTION( '', ( -0.000000000000000, 1.00000000000000, 0.000000000000000 ) );
#1406 = DIRECTION( '', ( 0.000000000000000, -0.000000000000000, 1.00000000000000 ) );
#1407 = ORIENTED_EDGE( '', *, *, #1762, .T. );
#1408 = ORIENTED_EDGE( '', *, *, #1817, .F. );
#1409 = ORIENTED_EDGE( '', *, *, #1799, .F. );
#1410 = ORIENTED_EDGE( '', *, *, #1818, .T. );
#1411 = CARTESIAN_POINT( '', ( 25.0000000000000, 0.499999999999999, 2.74183296612723 ) );
#1412 = DIRECTION( '', ( 1.00000000000000, -0.000000000000000, -0.000000000000000 ) );
#1413 = DIRECTION( '', ( 0.000000000000000, 0.000000000000000, 1.00000000000000 ) );
#1414 = ORIENTED_EDGE( '', *, *, #1763, .T. );
#1415 = ORIENTED_EDGE( '', *, *, #1818, .F. );
#1416 = ORIENTED_EDGE( '', *, *, #1798, .F. );
#1417 = ORIENTED_EDGE( '', *, *, #1808, .T. );
#1418 = CARTESIAN_POINT( '', ( 25.0000000000000, 2.59808783242064, 2.85979348585711 ) );
#1419 = DIRECTION( '', ( 0.000000000000000, -0.134941153702974, -0.990853614333273 ) );
#1420 = DIRECTION( '', ( 0.000000000000000, 0.990853614333273, -0.134941153702974 ) );
#1421 = ORIENTED_EDGE( '', *, *, #1819, .F. );
#1422 = ORIENTED_EDGE( '', *, *, #1820, .T. );
#1423 = ORIENTED_EDGE( '', *, *, #1821, .T. );
#1424 = ORIENTED_EDGE( '', *, *, #1822, .T. );
#1425 = ORIENTED_EDGE( '', *, *, #1823, .T. );
#1426 = ORIENTED_EDGE( '', *, *, #1824, .T. );
#1427 = ORIENTED_EDGE( '', *, *, #1825, .F. );
#1428 = ORIENTED_EDGE( '', *, *, #1826, .T. );
#1429 = ORIENTED_EDGE( '', *, *, #1774, .T. );
#1430 = ORIENTED_EDGE( '', *, *, #1827, .T. );
#1431 = ORIENTED_EDGE( '', *, *, #1828, .T. );
#1432 = ORIENTED_EDGE( '', *, *, #1829, .T. );
#1433 = ORIENTED_EDGE( '', *, *, #1792, .F. );
#1434 = ORIENTED_EDGE( '', *, *, #1783, .F. );
#1435 = CARTESIAN_POINT( '', ( 1.00000000000000, 0.499999999999999, 2.74183296612723 ) );
#1436 = DIRECTION( '', ( 1.00000000000000, 0.000000000000000, 0.000000000000000 ) );
#1437 = DIRECTION( '', ( 0.000000000000000, 0.000000000000000, -1.00000000000000 ) );
#1438 = ORIENTED_EDGE( '', *, *, #1749, .T. );
#1439 = ORIENTED_EDGE( '', *, *, #1830, .F. );
#1440 = ORIENTED_EDGE( '', *, *, #1827, .F. );
#1441 = ORIENTED_EDGE( '', *, *, #1773, .T. );
#1442 = CARTESIAN_POINT( '', ( 1.00000000000000, 2.59808783242064, 2.85979348585711 ) );
#1443 = DIRECTION( '', ( 0.000000000000000, -0.134941153702974, -0.990853614333273 ) );
#1444 = DIRECTION( '', ( 0.000000000000000, 0.990853614333273, -0.134941153702974 ) );
#1445 = ORIENTED_EDGE( '', *, *, #1793, .F. );
#1446 = ORIENTED_EDGE( '', *, *, #1831, .T. );
#1447 = ORIENTED_EDGE( '', *, *, #1832, .F. );
#1448 = ORIENTED_EDGE( '', *, *, #1833, .F. );
#1449 = CARTESIAN_POINT( '', ( 1.00000000000000, 0.000000000000000, -0.000000000000000 ) );
#1450 = DIRECTION( '', ( 1.00000000000000, 0.000000000000000, -0.000000000000000 ) );
#1451 = DIRECTION( '', ( -0.000000000000000, 0.000000000000000, -1.00000000000000 ) );
#1452 = ORIENTED_EDGE( '', *, *, #1816, .F. );
#1453 = ORIENTED_EDGE( '', *, *, #1795, .T. );
#1454 = ORIENTED_EDGE( '', *, *, #1834, .T. );
#1455 = ORIENTED_EDGE( '', *, *, #1835, .T. );
#1456 = CARTESIAN_POINT( '', ( 24.0000000000000, 0.000000000000000, 0.000000000000000 ) );
#1457 = DIRECTION( '', ( 1.00000000000000, 0.000000000000000, -0.000000000000000 ) );
#1458 = DIRECTION( '', ( -0.000000000000000, 0.000000000000000, -1.00000000000000 ) );
#1459 = ORIENTED_EDGE( '', *, *, #1836, .F. );
#1460 = ORIENTED_EDGE( '', *, *, #1837, .T. );
#1461 = ORIENTED_EDGE( '', *, *, #1778, .F. );
#1462 = ORIENTED_EDGE( '', *, *, #1772, .F. );
#1463 = ORIENTED_EDGE( '', *, *, #1835, .F. );
#1464 = ORIENTED_EDGE( '', *, *, #1838, .T. );
#1465 = ORIENTED_EDGE( '', *, *, #1832, .T. );
#1466 = ORIENTED_EDGE( '', *, *, #1819, .T. );
#1467 = ORIENTED_EDGE( '', *, *, #1782, .F. );
#1468 = ORIENTED_EDGE( '', *, *, #1839, .F. );
#1469 = CARTESIAN_POINT( '', ( 24.0000000000000, 0.000000000000000, -2.20000000000000 ) );
#1470 = DIRECTION( '', ( 0.000000000000000, 0.000000000000000, 1.00000000000000 ) );
#1471 = DIRECTION( '', ( 1.00000000000000, 0.000000000000000, -0.000000000000000 ) );
#1472 = ORIENTED_EDGE( '', *, *, #1840, .F. );
#1473 = ORIENTED_EDGE( '', *, *, #1841, .F. );
#1474 = ORIENTED_EDGE( '', *, *, #1833, .T. );
#1475 = ORIENTED_EDGE( '', *, *, #1838, .F. );
#1476 = ORIENTED_EDGE( '', *, *, #1834, .F. );
#1477 = ORIENTED_EDGE( '', *, *, #1794, .T. );
#1478 = CARTESIAN_POINT( '', ( 24.0000000000000, 0.000000000000000, 2.20000000000000 ) );
#1479 = DIRECTION( '', ( -0.000000000000000, 1.00000000000000, 0.000000000000000 ) );
#1480 = DIRECTION( '', ( 0.000000000000000, -0.000000000000000, 1.00000000000000 ) );
#1481 = ORIENTED_EDGE( '', *, *, #1837, .F. );
#1482 = ORIENTED_EDGE( '', *, *, #1842, .F. );
#1483 = ORIENTED_EDGE( '', *, *, #1779, .F. );
#1484 = CARTESIAN_POINT( '', ( 20.1500000000000, 1.79999999999999, -2.75000000000000 ) );
#1485 = DIRECTION( '', ( 1.00000000000000, 0.000000000000000, 0.000000000000000 ) );
#1486 = DIRECTION( '', ( 0.000000000000000, 0.000000000000000, -1.00000000000000 ) );
#1487 = ORIENTED_EDGE( '', *, *, #1781, .T. );
#1488 = ORIENTED_EDGE( '', *, *, #1843, .T. );
#1489 = ORIENTED_EDGE( '', *, *, #1839, .T. );
#1490 = CARTESIAN_POINT( '', ( 4.85000000000000, 1.79999999999999, -2.75000000000000 ) );
#1491 = DIRECTION( '', ( 1.00000000000000, 0.000000000000000, 0.000000000000000 ) );
#1492 = DIRECTION( '', ( 0.000000000000000, 0.000000000000000, -1.00000000000000 ) );
#1493 = ORIENTED_EDGE( '', *, *, #1780, .T. );
#1494 = ORIENTED_EDGE( '', *, *, #1842, .T. );
#1495 = ORIENTED_EDGE( '', *, *, #1836, .T. );
#1496 = ORIENTED_EDGE( '', *, *, #1843, .F. );
#1497 = CARTESIAN_POINT( '', ( 20.1500000000000, 1.79999999999999, -2.75000000000000 ) );
#1498 = DIRECTION( '', ( 1.00000000000000, -0.000000000000000, -0.000000000000000 ) );
#1499 = DIRECTION( '', ( 0.000000000000000, 0.000000000000000, 1.00000000000000 ) );
#1500 = ORIENTED_EDGE( '', *, *, #1844, .F. );
#1501 = ORIENTED_EDGE( '', *, *, #1789, .F. );
#1502 = ORIENTED_EDGE( '', *, *, #1787, .F. );
#1503 = CARTESIAN_POINT( '', ( 20.1500000000000, 1.80000000000000, 2.75000000000000 ) );
#1504 = DIRECTION( '', ( 1.00000000000000, 0.000000000000000, 0.000000000000000 ) );
#1505 = DIRECTION( '', ( 0.000000000000000, 0.000000000000000, -1.00000000000000 ) );
#1506 = ORIENTED_EDGE( '', *, *, #1785, .T. );
#1507 = ORIENTED_EDGE( '', *, *, #1791, .T. );
#1508 = ORIENTED_EDGE( '', *, *, #1845, .T. );
#1509 = CARTESIAN_POINT( '', ( 4.85000000000000, 1.80000000000000, 2.75000000000000 ) );
#1510 = DIRECTION( '', ( 1.00000000000000, 0.000000000000000, 0.000000000000000 ) );
#1511 = DIRECTION( '', ( 0.000000000000000, 0.000000000000000, -1.00000000000000 ) );
#1512 = ORIENTED_EDGE( '', *, *, #1786, .T. );
#1513 = ORIENTED_EDGE( '', *, *, #1845, .F. );
#1514 = ORIENTED_EDGE( '', *, *, #1790, .T. );
#1515 = ORIENTED_EDGE( '', *, *, #1844, .T. );
#1516 = CARTESIAN_POINT( '', ( 20.1500000000000, 1.80000000000000, 2.75000000000000 ) );
#1517 = DIRECTION( '', ( 1.00000000000000, -0.000000000000000, -0.000000000000000 ) );
#1518 = DIRECTION( '', ( 0.000000000000000, 0.000000000000000, 1.00000000000000 ) );
#1519 = ORIENTED_EDGE( '', *, *, #1840, .T. );
#1520 = ORIENTED_EDGE( '', *, *, #1846, .F. );
#1521 = CARTESIAN_POINT( '', ( 20.0000000000000, 0.243500000000000, 0.000000000000000 ) );
#1522 = DIRECTION( '', ( -0.000000000000000, -1.00000000000000, -0.000000000000000 ) );
#1523 = DIRECTION( '', ( 0.000000000000000, 0.000000000000000, -1.00000000000000 ) );
#1524 = ORIENTED_EDGE( '', *, *, #1846, .T. );
#1525 = ORIENTED_EDGE( '', *, *, #1847, .F. );
#1526 = CARTESIAN_POINT( '', ( 20.0000000000000, 0.000000000000000, 0.000000000000000 ) );
#1527 = DIRECTION( '', ( -0.000000000000000, 1.00000000000000, 0.000000000000000 ) );
#1528 = DIRECTION( '', ( 0.000000000000000, 0.000000000000000, -1.00000000000000 ) );
#1529 = ORIENTED_EDGE( '', *, *, #1847, .T. );
#1530 = ORIENTED_EDGE( '', *, *, #1776, .F. );
#1531 = CARTESIAN_POINT( '', ( 20.0000000000000, 2.70000000000000, 0.000000000000000 ) );
#1532 = DIRECTION( '', ( -0.000000000000000, 1.00000000000000, 0.000000000000000 ) );
#1533 = DIRECTION( '', ( 0.000000000000000, -0.000000000000000, 1.00000000000000 ) );
#1534 = ORIENTED_EDGE( '', *, *, #1841, .T. );
#1535 = ORIENTED_EDGE( '', *, *, #1797, .F. );
#1536 = CARTESIAN_POINT( '', ( 5.00000000000000, 0.243500000000000, 0.000000000000000 ) );
#1537 = DIRECTION( '', ( -0.000000000000000, -1.00000000000000, -0.000000000000000 ) );
#1538 = DIRECTION( '', ( 0.000000000000000, 0.000000000000000, -1.00000000000000 ) );
#1539 = ORIENTED_EDGE( '', *, *, #1758, .T. );
#1540 = ORIENTED_EDGE( '', *, *, #1848, .F. );
#1541 = ORIENTED_EDGE( '', *, *, #1828, .F. );
#1542 = ORIENTED_EDGE( '', *, *, #1830, .T. );
#1543 = CARTESIAN_POINT( '', ( 1.00000000000000, 0.499999999999999, 2.74183296612723 ) );
#1544 = DIRECTION( '', ( 1.00000000000000, -0.000000000000000, -0.000000000000000 ) );
#1545 = DIRECTION( '', ( 0.000000000000000, 0.000000000000000, 1.00000000000000 ) );
#1546 = ORIENTED_EDGE( '', *, *, #1757, .T. );
#1547 = ORIENTED_EDGE( '', *, *, #1849, .F. );
#1548 = ORIENTED_EDGE( '', *, *, #1820, .F. );
#1549 = ORIENTED_EDGE( '', *, *, #1831, .F. );
#1550 = ORIENTED_EDGE( '', *, *, #1829, .F. );
#1551 = ORIENTED_EDGE( '', *, *, #1848, .T. );
#1552 = CARTESIAN_POINT( '', ( 1.00000000000000, 0.100000000000000, 2.74183296612723 ) );
#1553 = DIRECTION( '', ( -0.000000000000000, 1.00000000000000, 0.000000000000000 ) );
#1554 = DIRECTION( '', ( 0.000000000000000, -0.000000000000000, 1.00000000000000 ) );
#1555 = ORIENTED_EDGE( '', *, *, #1756, .T. );
#1556 = ORIENTED_EDGE( '', *, *, #1850, .F. );
#1557 = ORIENTED_EDGE( '', *, *, #1821, .F. );
#1558 = ORIENTED_EDGE( '', *, *, #1849, .T. );
#1559 = CARTESIAN_POINT( '', ( 1.00000000000000, 0.500000000000000, -2.74183296612723 ) );
#1560 = DIRECTION( '', ( 1.00000000000000, -0.000000000000000, -0.000000000000000 ) );
#1561 = DIRECTION( '', ( 0.000000000000000, 0.000000000000000, 1.00000000000000 ) );
#1562 = ORIENTED_EDGE( '', *, *, #1755, .T. );
#1563 = ORIENTED_EDGE( '', *, *, #1851, .F. );
#1564 = ORIENTED_EDGE( '', *, *, #1822, .F. );
#1565 = ORIENTED_EDGE( '', *, *, #1850, .T. );
#1566 = CARTESIAN_POINT( '', ( 1.00000000000000, 0.553976461481190, -3.13817441186054 ) );
#1567 = DIRECTION( '', ( 0.000000000000000, -0.134941153702975, 0.990853614333273 ) );
#1568 = DIRECTION( '', ( 0.000000000000000, -0.990853614333273, -0.134941153702975 ) );
#1569 = ORIENTED_EDGE( '', *, *, #1754, .T. );
#1570 = ORIENTED_EDGE( '', *, *, #1852, .F. );
#1571 = ORIENTED_EDGE( '', *, *, #1823, .F. );
#1572 = ORIENTED_EDGE( '', *, *, #1851, .T. );
#1573 = CARTESIAN_POINT( '', ( 1.00000000000000, 2.57109960168005, -2.66162276299046 ) );
#1574 = DIRECTION( '', ( 1.00000000000000, -0.000000000000000, -0.000000000000000 ) );
#1575 = DIRECTION( '', ( 0.000000000000000, 0.000000000000000, 1.00000000000000 ) );
#1576 = ORIENTED_EDGE( '', *, *, #1753, .T. );
#1577 = ORIENTED_EDGE( '', *, *, #1853, .F. );
#1578 = ORIENTED_EDGE( '', *, *, #1824, .F. );
#1579 = ORIENTED_EDGE( '', *, *, #1852, .T. );
#1580 = CARTESIAN_POINT( '', ( 1.00000000000000, -0.556679299515482, 0.141411154969897 ) );
#1581 = DIRECTION( '', ( 1.00000000000000, -0.000000000000000, -0.000000000000000 ) );
#1582 = DIRECTION( '', ( 0.000000000000000, 0.000000000000000, 1.00000000000000 ) );
#1583 = ORIENTED_EDGE( '', *, *, #1752, .F. );
#1584 = ORIENTED_EDGE( '', *, *, #1854, .F. );
#1585 = ORIENTED_EDGE( '', *, *, #1825, .T. );
#1586 = ORIENTED_EDGE( '', *, *, #1853, .T. );
#1587 = CARTESIAN_POINT( '', ( 1.00000000000000, 8.09789307770272, -3.46944695195361E-15 ) );
#1588 = DIRECTION( '', ( 1.00000000000000, -0.000000000000000, -0.000000000000000 ) );
#1589 = DIRECTION( '', ( 0.000000000000000, 0.000000000000000, 1.00000000000000 ) );
#1590 = ORIENTED_EDGE( '', *, *, #1751, .T. );
#1591 = ORIENTED_EDGE( '', *, *, #1775, .F. );
#1592 = ORIENTED_EDGE( '', *, *, #1826, .F. );
#1593 = ORIENTED_EDGE( '', *, *, #1854, .T. );
#1594 = CARTESIAN_POINT( '', ( 1.00000000000000, -0.556679299515466, -0.141411154969885 ) );
#1595 = DIRECTION( '', ( 1.00000000000000, -0.000000000000000, -0.000000000000000 ) );
#1596 = DIRECTION( '', ( 0.000000000000000, 0.000000000000000, 1.00000000000000 ) );
#1597 = EDGE_CURVE( '', #1855, #1856, #1857, .T. );
#1598 = EDGE_CURVE( '', #1856, #1855, #1858, .T. );
#1599 = EDGE_CURVE( '', #1859, #1860, #1861, .T. );
#1600 = EDGE_CURVE( '', #1860, #1859, #1862, .T. );
#1601 = EDGE_CURVE( '', #1860, #1855, #1863, .F. );
#1602 = EDGE_CURVE( '', #1856, #1859, #1864, .T. );
#1603 = EDGE_CURVE( '', #1865, #1866, #1867, .T. );
#1604 = EDGE_CURVE( '', #1866, #1868, #1869, .T. );
#1605 = EDGE_CURVE( '', #1870, #1868, #1871, .T. );
#1606 = EDGE_CURVE( '', #1872, #1870, #1873, .T. );
#1607 = EDGE_CURVE( '', #1874, #1872, #1875, .T. );
#1608 = EDGE_CURVE( '', #1874, #1876, #1877, .T. );
#1609 = EDGE_CURVE( '', #1876, #1878, #1879, .T. );
#1610 = EDGE_CURVE( '', #1880, #1878, #1881, .T. );
#1611 = EDGE_CURVE( '', #1880, #1882, #1883, .T. );
#1612 = EDGE_CURVE( '', #1884, #1882, #1885, .T. );
#1613 = EDGE_CURVE( '', #1886, #1884, #1887, .T. );
#1614 = EDGE_CURVE( '', #1865, #1886, #1888, .T. );
#1615 = EDGE_CURVE( '', #1889, #1890, #1891, .T. );
#1616 = EDGE_CURVE( '', #1889, #1865, #1892, .T. );
#1617 = EDGE_CURVE( '', #1890, #1886, #1893, .T. );
#1618 = EDGE_CURVE( '', #1894, #1876, #1895, .T. );
#1619 = EDGE_CURVE( '', #1896, #1874, #1897, .T. );
#1620 = EDGE_CURVE( '', #1896, #1894, #1898, .T. );
#1621 = EDGE_CURVE( '', #1899, #1894, #1900, .T. );
#1622 = EDGE_CURVE( '', #1901, #1896, #1902, .T. );
#1623 = EDGE_CURVE( '', #1901, #1899, #1903, .T. );
#1624 = EDGE_CURVE( '', #1904, #1899, #1905, .T. );
#1625 = EDGE_CURVE( '', #1906, #1901, #1907, .T. );
#1626 = EDGE_CURVE( '', #1906, #1904, #1908, .T. );
#1627 = EDGE_CURVE( '', #1909, #1910, #1911, .T. );
#1628 = EDGE_CURVE( '', #1912, #1909, #1913, .T. );
#1629 = EDGE_CURVE( '', #1912, #1914, #1915, .T. );
#1630 = EDGE_CURVE( '', #1914, #1910, #1916, .T. );
#1631 = EDGE_CURVE( '', #1917, #1910, #1918, .T. );
#1632 = EDGE_CURVE( '', #1919, #1914, #1920, .T. );
#1633 = EDGE_CURVE( '', #1919, #1917, #1921, .T. );
#1634 = EDGE_CURVE( '', #1868, #1909, #1922, .T. );
#1635 = EDGE_CURVE( '', #1866, #1912, #1923, .T. );
#1636 = EDGE_CURVE( '', #1884, #1924, #1925, .T. );
#1637 = EDGE_CURVE( '', #1924, #1926, #1927, .T. );
#1638 = EDGE_CURVE( '', #1928, #1926, #1929, .T. );
#1639 = EDGE_CURVE( '', #1930, #1928, #1931, .T. );
#1640 = EDGE_CURVE( '', #1932, #1930, #1933, .T. );
#1641 = EDGE_CURVE( '', #1932, #1934, #1935, .T. );
#1642 = EDGE_CURVE( '', #1934, #1936, #1937, .T. );
#1643 = EDGE_CURVE( '', #1936, #1938, #1939, .T. );
#1644 = EDGE_CURVE( '', #1938, #1940, #1941, .T. );
#1645 = EDGE_CURVE( '', #1940, #1890, #1942, .T. );
#1646 = EDGE_CURVE( '', #1943, #1880, #1944, .T. );
#1647 = EDGE_CURVE( '', #1945, #1943, #1946, .T. );
#1648 = EDGE_CURVE( '', #1947, #1945, #1948, .T. );
#1649 = EDGE_CURVE( '', #1949, #1947, #1950, .T. );
#1650 = EDGE_CURVE( '', #1951, #1949, #1952, .T. );
#1651 = EDGE_CURVE( '', #1953, #1951, #1954, .T. );
#1652 = EDGE_CURVE( '', #1953, #1955, #1956, .T. );
#1653 = EDGE_CURVE( '', #1955, #1957, #1958, .T. );
#1654 = EDGE_CURVE( '', #1957, #1959, #1960, .T. );
#1655 = EDGE_CURVE( '', #1961, #1959, #1962, .T. );
#1656 = EDGE_CURVE( '', #1882, #1961, #1963, .T. );
#1657 = EDGE_CURVE( '', #1936, #1949, #1964, .T. );
#1658 = EDGE_CURVE( '', #1934, #1951, #1965, .T. );
#1659 = EDGE_CURVE( '', #1932, #1953, #1966, .T. );
#1660 = EDGE_CURVE( '', #1930, #1955, #1967, .T. );
#1661 = EDGE_CURVE( '', #1928, #1957, #1968, .T. );
#1662 = EDGE_CURVE( '', #1926, #1959, #1969, .T. );
#1663 = EDGE_CURVE( '', #1924, #1961, #1970, .T. );
#1664 = EDGE_CURVE( '', #1971, #1872, #1972, .T. );
#1665 = EDGE_CURVE( '', #1971, #1973, #1974, .T. );
#1666 = EDGE_CURVE( '', #1975, #1973, #1976, .T. );
#1667 = EDGE_CURVE( '', #1975, #1977, #1978, .T. );
#1668 = EDGE_CURVE( '', #1977, #1979, #1980, .T. );
#1669 = EDGE_CURVE( '', #1979, #1981, #1982, .T. );
#1670 = EDGE_CURVE( '', #1981, #1983, #1984, .T. );
#1671 = EDGE_CURVE( '', #1983, #1906, #1985, .T. );
#1672 = EDGE_CURVE( '', #1986, #1904, #1987, .T. );
#1673 = EDGE_CURVE( '', #1988, #1986, #1989, .T. );
#1674 = EDGE_CURVE( '', #1990, #1988, #1991, .T. );
#1675 = EDGE_CURVE( '', #1992, #1990, #1993, .T. );
#1676 = EDGE_CURVE( '', #1994, #1992, #1995, .T. );
#1677 = EDGE_CURVE( '', #1994, #1996, #1997, .T. );
#1678 = EDGE_CURVE( '', #1998, #1996, #1999, .T. );
#1679 = EDGE_CURVE( '', #1998, #1878, #2000, .T. );
#1680 = EDGE_CURVE( '', #2001, #2001, #2002, .T. );
#1681 = EDGE_CURVE( '', #2003, #2003, #2004, .T. );
#1682 = EDGE_CURVE( '', #1983, #1986, #2005, .T. );
#1683 = EDGE_CURVE( '', #1981, #1988, #2006, .T. );
#1684 = EDGE_CURVE( '', #1979, #1990, #2007, .T. );
#1685 = EDGE_CURVE( '', #1977, #1992, #2008, .T. );
#1686 = EDGE_CURVE( '', #2009, #2010, #2011, .T. );
#1687 = EDGE_CURVE( '', #2009, #2012, #2013, .T. );
#1688 = EDGE_CURVE( '', #2014, #2012, #2015, .F. );
#1689 = EDGE_CURVE( '', #2010, #2014, #2016, .T. );
#1690 = EDGE_CURVE( '', #2017, #2018, #2019, .T. );
#1691 = EDGE_CURVE( '', #2018, #1938, #2020, .T. );
#1692 = EDGE_CURVE( '', #1947, #1994, #2021, .T. );
#1693 = EDGE_CURVE( '', #1975, #2022, #2023, .T. );
#1694 = EDGE_CURVE( '', #2024, #2022, #2025, .T. );
#1695 = EDGE_CURVE( '', #2017, #2024, #2026, .T. );
#1696 = EDGE_CURVE( '', #2022, #2027, #2028, .T. );
#1697 = EDGE_CURVE( '', #1973, #2027, #2029, .T. );
#1698 = EDGE_CURVE( '', #1971, #2030, #2031, .T. );
#1699 = EDGE_CURVE( '', #2027, #2030, #2032, .T. );
#1700 = EDGE_CURVE( '', #2030, #1870, #2033, .T. );
#1701 = EDGE_CURVE( '', #2034, #2034, #2035, .T. );
#1702 = EDGE_CURVE( '', #2036, #2036, #2037, .T. );
#1703 = EDGE_CURVE( '', #2038, #1889, #2039, .T. );
#1704 = EDGE_CURVE( '', #2038, #1940, #2040, .T. );
#1705 = EDGE_CURVE( '', #1943, #1998, #2041, .T. );
#1706 = EDGE_CURVE( '', #1945, #1996, #2042, .T. );
#1707 = EDGE_CURVE( '', #2018, #2038, #2043, .T. );
#1708 = EDGE_CURVE( '', #2044, #2044, #2045, .T. );
#1709 = EDGE_CURVE( '', #2046, #2046, #2047, .T. );
#1710 = EDGE_CURVE( '', #2048, #1917, #2049, .T. );
#1711 = EDGE_CURVE( '', #2050, #2048, #2051, .T. );
#1712 = EDGE_CURVE( '', #2050, #2052, #2053, .T. );
#1713 = EDGE_CURVE( '', #2052, #2024, #2054, .T. );
#1714 = EDGE_CURVE( '', #2055, #2017, #2056, .T. );
#1715 = EDGE_CURVE( '', #2057, #2055, #2058, .T. );
#1716 = EDGE_CURVE( '', #2057, #2059, #2060, .T. );
#1717 = EDGE_CURVE( '', #2059, #1919, #2061, .T. );
#1718 = EDGE_CURVE( '', #2055, #2052, #2062, .T. );
#1719 = EDGE_CURVE( '', #2057, #2050, #2063, .T. );
#1720 = EDGE_CURVE( '', #2059, #2048, #2064, .T. );
#1721 = EDGE_CURVE( '', #2065, #2065, #2066, .T. );
#1722 = EDGE_CURVE( '', #2067, #2067, #2068, .T. );
#1723 = EDGE_CURVE( '', #2012, #2009, #2069, .T. );
#1724 = EDGE_CURVE( '', #2014, #2010, #2070, .T. );
#1725 = EDGE_CURVE( '', #2071, #2072, #2073, .T. );
#1726 = EDGE_CURVE( '', #2074, #2072, #2075, .T. );
#1727 = EDGE_CURVE( '', #2076, #2074, #2077, .T. );
#1728 = EDGE_CURVE( '', #2076, #2071, #2078, .T. );
#1729 = EDGE_CURVE( '', #2072, #2079, #2080, .T. );
#1730 = EDGE_CURVE( '', #2081, #2079, #2082, .T. );
#1731 = EDGE_CURVE( '', #2074, #2081, #2083, .T. );
#1732 = EDGE_CURVE( '', #2084, #2071, #2085, .T. );
#1733 = EDGE_CURVE( '', #2086, #2076, #2087, .T. );
#1734 = EDGE_CURVE( '', #2086, #2084, #2088, .T. );
#1735 = EDGE_CURVE( '', #2079, #2089, #2090, .T. );
#1736 = EDGE_CURVE( '', #2091, #2089, #2092, .T. );
#1737 = EDGE_CURVE( '', #2081, #2091, #2093, .T. );
#1738 = EDGE_CURVE( '', #2089, #2094, #2095, .T. );
#1739 = EDGE_CURVE( '', #2096, #2094, #2097, .T. );
#1740 = EDGE_CURVE( '', #2091, #2096, #2098, .T. );
#1741 = EDGE_CURVE( '', #2094, #2099, #2100, .T. );
#1742 = EDGE_CURVE( '', #2101, #2099, #2102, .T. );
#1743 = EDGE_CURVE( '', #2096, #2101, #2103, .T. );
#1744 = EDGE_CURVE( '', #2099, #2104, #2105, .T. );
#1745 = EDGE_CURVE( '', #2106, #2104, #2107, .T. );
#1746 = EDGE_CURVE( '', #2101, #2106, #2108, .T. );
#1747 = EDGE_CURVE( '', #2104, #2084, #2109, .T. );
#1748 = EDGE_CURVE( '', #2106, #2086, #2110, .T. );
#1749 = EDGE_CURVE( '', #2111, #2112, #2113, .T. );
#1750 = EDGE_CURVE( '', #2114, #2111, #2115, .T. );
#1751 = EDGE_CURVE( '', #2116, #2114, #2117, .T. );
#1752 = EDGE_CURVE( '', #2116, #2118, #2119, .T. );
#1753 = EDGE_CURVE( '', #2120, #2118, #2121, .T. );
#1754 = EDGE_CURVE( '', #2122, #2120, #2123, .T. );
#1755 = EDGE_CURVE( '', #2124, #2122, #2125, .T. );
#1756 = EDGE_CURVE( '', #2126, #2124, #2127, .T. );
#1757 = EDGE_CURVE( '', #2128, #2126, #2129, .T. );
#1758 = EDGE_CURVE( '', #2112, #2128, #2130, .T. );
#1759 = EDGE_CURVE( '', #2131, #2132, #2133, .T. );
#1760 = EDGE_CURVE( '', #2132, #2134, #2135, .T. );
#1761 = EDGE_CURVE( '', #2136, #2134, #2137, .T. );
#1762 = EDGE_CURVE( '', #2138, #2136, #2139, .T. );
#1763 = EDGE_CURVE( '', #2140, #2138, #2141, .T. );
#1764 = EDGE_CURVE( '', #2142, #2140, #2143, .T. );
#1765 = EDGE_CURVE( '', #2144, #2142, #2145, .T. );
#1766 = EDGE_CURVE( '', #2144, #2146, #2147, .T. );
#1767 = EDGE_CURVE( '', #2148, #2146, #2149, .T. );
#1768 = EDGE_CURVE( '', #2150, #2148, #2151, .T. );
#1769 = EDGE_CURVE( '', #2152, #2150, #2153, .T. );
#1770 = EDGE_CURVE( '', #2154, #2152, #2155, .T. );
#1771 = EDGE_CURVE( '', #2156, #2154, #2157, .T. );
#1772 = EDGE_CURVE( '', #2156, #2131, #2158, .T. );
#1773 = EDGE_CURVE( '', #2159, #2111, #2160, .T. );
#1774 = EDGE_CURVE( '', #2161, #2159, #2162, .T. );
#1775 = EDGE_CURVE( '', #2161, #2114, #2163, .T. );
#1776 = EDGE_CURVE( '', #2164, #2164, #2165, .T. );
#1777 = EDGE_CURVE( '', #2166, #2166, #2167, .T. );
#1778 = EDGE_CURVE( '', #2131, #2168, #2169, .T. );
#1779 = EDGE_CURVE( '', #2168, #2170, #2171, .T. );
#1780 = EDGE_CURVE( '', #2172, #2170, #2173, .F. );
#1781 = EDGE_CURVE( '', #2174, #2172, #2175, .T. );
#1782 = EDGE_CURVE( '', #2174, #2176, #2177, .T. );
#1783 = EDGE_CURVE( '', #2176, #2178, #2179, .T. );
#1784 = EDGE_CURVE( '', #2180, #2178, #2181, .T. );
#1785 = EDGE_CURVE( '', #2182, #2180, #2183, .T. );
#1786 = EDGE_CURVE( '', #2184, #2182, #2185, .T. );
#1787 = EDGE_CURVE( '', #2184, #2186, #2187, .T. );
#1788 = EDGE_CURVE( '', #2132, #2186, #2188, .T. );
#1789 = EDGE_CURVE( '', #2186, #2189, #2190, .T. );
#1790 = EDGE_CURVE( '', #2191, #2189, #2192, .F. );
#1791 = EDGE_CURVE( '', #2180, #2191, #2193, .T. );
#1792 = EDGE_CURVE( '', #2178, #2194, #2195, .T. );
#1793 = EDGE_CURVE( '', #2194, #2196, #2197, .T. );
#1794 = EDGE_CURVE( '', #2198, #2196, #2199, .T. );
#1795 = EDGE_CURVE( '', #2134, #2198, #2200, .T. );
#1796 = EDGE_CURVE( '', #2201, #2201, #2202, .T. );
#1797 = EDGE_CURVE( '', #2203, #2203, #2204, .T. );
#1798 = EDGE_CURVE( '', #2205, #2206, #2207, .T. );
#1799 = EDGE_CURVE( '', #2206, #2208, #2209, .T. );
#1800 = EDGE_CURVE( '', #2208, #2210, #2211, .T. );
#1801 = EDGE_CURVE( '', #2210, #2212, #2213, .T. );
#1802 = EDGE_CURVE( '', #2212, #2214, #2215, .T. );
#1803 = EDGE_CURVE( '', #2214, #2216, #2217, .T. );
#1804 = EDGE_CURVE( '', #2216, #2218, #2219, .T. );
#1805 = EDGE_CURVE( '', #2220, #2218, #2221, .T. );
#1806 = EDGE_CURVE( '', #2220, #2222, #2223, .T. );
#1807 = EDGE_CURVE( '', #2222, #2205, #2224, .T. );
#1808 = EDGE_CURVE( '', #2205, #2140, #2225, .T. );
#1809 = EDGE_CURVE( '', #2222, #2142, #2226, .T. );
#1810 = EDGE_CURVE( '', #2220, #2144, #2227, .T. );
#1811 = EDGE_CURVE( '', #2218, #2146, #2228, .T. );
#1812 = EDGE_CURVE( '', #2216, #2148, #2229, .T. );
#1813 = EDGE_CURVE( '', #2214, #2150, #2230, .T. );
#1814 = EDGE_CURVE( '', #2212, #2152, #2231, .T. );
#1815 = EDGE_CURVE( '', #2210, #2154, #2232, .T. );
#1816 = EDGE_CURVE( '', #2134, #2156, #2233, .T. );
#1817 = EDGE_CURVE( '', #2208, #2136, #2234, .T. );
#1818 = EDGE_CURVE( '', #2206, #2138, #2235, .T. );
#1819 = EDGE_CURVE( '', #2236, #2176, #2237, .T. );
#1820 = EDGE_CURVE( '', #2236, #2238, #2239, .T. );
#1821 = EDGE_CURVE( '', #2238, #2240, #2241, .T. );
#1822 = EDGE_CURVE( '', #2240, #2242, #2243, .T. );
#1823 = EDGE_CURVE( '', #2242, #2244, #2245, .T. );
#1824 = EDGE_CURVE( '', #2244, #2246, #2247, .T. );
#1825 = EDGE_CURVE( '', #2248, #2246, #2249, .T. );
#1826 = EDGE_CURVE( '', #2248, #2161, #2250, .T. );
#1827 = EDGE_CURVE( '', #2159, #2251, #2252, .T. );
#1828 = EDGE_CURVE( '', #2251, #2253, #2254, .T. );
#1829 = EDGE_CURVE( '', #2253, #2194, #2255, .T. );
#1830 = EDGE_CURVE( '', #2251, #2112, #2256, .T. );
#1831 = EDGE_CURVE( '', #2194, #2236, #2257, .T. );
#1832 = EDGE_CURVE( '', #2258, #2236, #2259, .T. );
#1833 = EDGE_CURVE( '', #2196, #2258, #2260, .T. );
#1834 = EDGE_CURVE( '', #2198, #2261, #2262, .T. );
#1835 = EDGE_CURVE( '', #2261, #2156, #2263, .T. );
#1836 = EDGE_CURVE( '', #2264, #2265, #2266, .T. );
#1837 = EDGE_CURVE( '', #2264, #2168, #2267, .T. );
#1838 = EDGE_CURVE( '', #2261, #2258, #2268, .T. );
#1839 = EDGE_CURVE( '', #2265, #2174, #2269, .T. );
#1840 = EDGE_CURVE( '', #2270, #2270, #2271, .T. );
#1841 = EDGE_CURVE( '', #2272, #2272, #2273, .T. );
#1842 = EDGE_CURVE( '', #2170, #2264, #2274, .T. );
#1843 = EDGE_CURVE( '', #2172, #2265, #2275, .T. );
#1844 = EDGE_CURVE( '', #2189, #2184, #2276, .T. );
#1845 = EDGE_CURVE( '', #2191, #2182, #2277, .T. );
#1846 = EDGE_CURVE( '', #2278, #2278, #2279, .T. );
#1847 = EDGE_CURVE( '', #2280, #2280, #2281, .T. );
#1848 = EDGE_CURVE( '', #2253, #2128, #2282, .T. );
#1849 = EDGE_CURVE( '', #2238, #2126, #2283, .T. );
#1850 = EDGE_CURVE( '', #2240, #2124, #2284, .T. );
#1851 = EDGE_CURVE( '', #2242, #2122, #2285, .T. );
#1852 = EDGE_CURVE( '', #2244, #2120, #2286, .T. );
#1853 = EDGE_CURVE( '', #2246, #2118, #2287, .T. );
#1854 = EDGE_CURVE( '', #2248, #2116, #2288, .T. );
#1855 = VERTEX_POINT( '', #2289 );
#1856 = VERTEX_POINT( '', #2290 );
#1857 = CIRCLE( '', #2291, 1.10000000000000 );
#1858 = LINE( '', #2292, #2293 );
#1859 = VERTEX_POINT( '', #2294 );
#1860 = VERTEX_POINT( '', #2295 );
#1861 = LINE( '', #2296, #2297 );
#1862 = CIRCLE( '', #2298, 1.10000000000000 );
#1863 = LINE( '', #2299, #2300 );
#1864 = LINE( '', #2301, #2302 );
#1865 = VERTEX_POINT( '', #2303 );
#1866 = VERTEX_POINT( '', #2304 );
#1867 = LINE( '', #2305, #2306 );
#1868 = VERTEX_POINT( '', #2307 );
#1869 = LINE( '', #2308, #2309 );
#1870 = VERTEX_POINT( '', #2310 );
#1871 = LINE( '', #2311, #2312 );
#1872 = VERTEX_POINT( '', #2313 );
#1873 = LINE( '', #2314, #2315 );
#1874 = VERTEX_POINT( '', #2316 );
#1875 = LINE( '', #2317, #2318 );
#1876 = VERTEX_POINT( '', #2319 );
#1877 = LINE( '', #2320, #2321 );
#1878 = VERTEX_POINT( '', #2322 );
#1879 = LINE( '', #2323, #2324 );
#1880 = VERTEX_POINT( '', #2325 );
#1881 = LINE( '', #2326, #2327 );
#1882 = VERTEX_POINT( '', #2328 );
#1883 = LINE( '', #2329, #2330 );
#1884 = VERTEX_POINT( '', #2331 );
#1885 = LINE( '', #2332, #2333 );
#1886 = VERTEX_POINT( '', #2334 );
#1887 = LINE( '', #2335, #2336 );
#1888 = LINE( '', #2337, #2338 );
#1889 = VERTEX_POINT( '', #2339 );
#1890 = VERTEX_POINT( '', #2340 );
#1891 = LINE( '', #2341, #2342 );
#1892 = CIRCLE( '', #2343, 1.20000000000000 );
#1893 = CIRCLE( '', #2344, 1.20000000000000 );
#1894 = VERTEX_POINT( '', #2345 );
#1895 = LINE( '', #2346, #2347 );
#1896 = VERTEX_POINT( '', #2348 );
#1897 = LINE( '', #2349, #2350 );
#1898 = LINE( '', #2351, #2352 );
#1899 = VERTEX_POINT( '', #2353 );
#1900 = LINE( '', #2354, #2355 );
#1901 = VERTEX_POINT( '', #2356 );
#1902 = LINE( '', #2357, #2358 );
#1903 = LINE( '', #2359, #2360 );
#1904 = VERTEX_POINT( '', #2361 );
#1905 = CIRCLE( '', #2362, 2.57000000000000 );
#1906 = VERTEX_POINT( '', #2363 );
#1907 = CIRCLE( '', #2364, 2.57000000000000 );
#1908 = LINE( '', #2365, #2366 );
#1909 = VERTEX_POINT( '', #2367 );
#1910 = VERTEX_POINT( '', #2368 );
#1911 = LINE( '', #2369, #2370 );
#1912 = VERTEX_POINT( '', #2371 );
#1913 = LINE( '', #2372, #2373 );
#1914 = VERTEX_POINT( '', #2374 );
#1915 = LINE( '', #2375, #2376 );
#1916 = LINE( '', #2377, #2378 );
#1917 = VERTEX_POINT( '', #2379 );
#1918 = CIRCLE( '', #2380, 0.400000000000000 );
#1919 = VERTEX_POINT( '', #2381 );
#1920 = CIRCLE( '', #2382, 0.400000000000000 );
#1921 = LINE( '', #2383, #2384 );
#1922 = LINE( '', #2385, #2386 );
#1923 = LINE( '', #2387, #2388 );
#1924 = VERTEX_POINT( '', #2389 );
#1925 = LINE( '', #2390, #2391 );
#1926 = VERTEX_POINT( '', #2392 );
#1927 = LINE( '', #2393, #2394 );
#1928 = VERTEX_POINT( '', #2395 );
#1929 = CIRCLE( '', #2396, 0.400000000000000 );
#1930 = VERTEX_POINT( '', #2397 );
#1931 = CIRCLE( '', #2398, 4.70000000000000 );
#1932 = VERTEX_POINT( '', #2399 );
#1933 = CIRCLE( '', #2400, 0.400000000000000 );
#1934 = VERTEX_POINT( '', #2401 );
#1935 = LINE( '', #2402, #2403 );
#1936 = VERTEX_POINT( '', #2404 );
#1937 = LINE( '', #2405, #2406 );
#1938 = VERTEX_POINT( '', #2407 );
#1939 = LINE( '', #2408, #2409 );
#1940 = VERTEX_POINT( '', #2410 );
#1941 = CIRCLE( '', #2411, 1.20000000000000 );
#1942 = LINE( '', #2412, #2413 );
#1943 = VERTEX_POINT( '', #2414 );
#1944 = CIRCLE( '', #2415, 1.20000000000000 );
#1945 = VERTEX_POINT( '', #2416 );
#1946 = LINE( '', #2417, #2418 );
#1947 = VERTEX_POINT( '', #2419 );
#1948 = CIRCLE( '', #2420, 1.20000000000000 );
#1949 = VERTEX_POINT( '', #2421 );
#1950 = LINE( '', #2422, #2423 );
#1951 = VERTEX_POINT( '', #2424 );
#1952 = LINE( '', #2425, #2426 );
#1953 = VERTEX_POINT( '', #2427 );
#1954 = LINE( '', #2428, #2429 );
#1955 = VERTEX_POINT( '', #2430 );
#1956 = CIRCLE( '', #2431, 0.400000000000000 );
#1957 = VERTEX_POINT( '', #2432 );
#1958 = CIRCLE( '', #2433, 4.70000000000000 );
#1959 = VERTEX_POINT( '', #2434 );
#1960 = CIRCLE( '', #2435, 0.400000000000000 );
#1961 = VERTEX_POINT( '', #2436 );
#1962 = LINE( '', #2437, #2438 );
#1963 = LINE( '', #2439, #2440 );
#1964 = LINE( '', #2441, #2442 );
#1965 = LINE( '', #2443, #2444 );
#1966 = LINE( '', #2445, #2446 );
#1967 = LINE( '', #2447, #2448 );
#1968 = LINE( '', #2449, #2450 );
#1969 = LINE( '', #2451, #2452 );
#1970 = LINE( '', #2453, #2454 );
#1971 = VERTEX_POINT( '', #2455 );
#1972 = CIRCLE( '', #2456, 1.20000000000000 );
#1973 = VERTEX_POINT( '', #2457 );
#1974 = LINE( '', #2458, #2459 );
#1975 = VERTEX_POINT( '', #2460 );
#1976 = CIRCLE( '', #2461, 1.20000000000000 );
#1977 = VERTEX_POINT( '', #2462 );
#1978 = LINE( '', #2463, #2464 );
#1979 = VERTEX_POINT( '', #2465 );
#1980 = LINE( '', #2466, #2467 );
#1981 = VERTEX_POINT( '', #2468 );
#1982 = LINE( '', #2469, #2470 );
#1983 = VERTEX_POINT( '', #2471 );
#1984 = CIRCLE( '', #2472, 2.57000000000000 );
#1985 = LINE( '', #2473, #2474 );
#1986 = VERTEX_POINT( '', #2475 );
#1987 = LINE( '', #2476, #2477 );
#1988 = VERTEX_POINT( '', #2478 );
#1989 = CIRCLE( '', #2479, 2.57000000000000 );
#1990 = VERTEX_POINT( '', #2480 );
#1991 = LINE( '', #2481, #2482 );
#1992 = VERTEX_POINT( '', #2483 );
#1993 = LINE( '', #2484, #2485 );
#1994 = VERTEX_POINT( '', #2486 );
#1995 = LINE( '', #2487, #2488 );
#1996 = VERTEX_POINT( '', #2489 );
#1997 = CIRCLE( '', #2490, 1.20000000000000 );
#1998 = VERTEX_POINT( '', #2491 );
#1999 = LINE( '', #2492, #2493 );
#2000 = CIRCLE( '', #2494, 1.20000000000000 );
#2001 = VERTEX_POINT( '', #2495 );
#2002 = CIRCLE( '', #2496, 1.30000000000000 );
#2003 = VERTEX_POINT( '', #2497 );
#2004 = CIRCLE( '', #2498, 1.30000000000000 );
#2005 = LINE( '', #2499, #2500 );
#2006 = LINE( '', #2501, #2502 );
#2007 = LINE( '', #2503, #2504 );
#2008 = LINE( '', #2505, #2506 );
#2009 = VERTEX_POINT( '', #2507 );
#2010 = VERTEX_POINT( '', #2508 );
#2011 = LINE( '', #2509, #2510 );
#2012 = VERTEX_POINT( '', #2511 );
#2013 = LINE( '', #2512, #2513 );
#2014 = VERTEX_POINT( '', #2514 );
#2015 = LINE( '', #2515, #2516 );
#2016 = LINE( '', #2517, #2518 );
#2017 = VERTEX_POINT( '', #2519 );
#2018 = VERTEX_POINT( '', #2520 );
#2019 = LINE( '', #2521, #2522 );
#2020 = LINE( '', #2523, #2524 );
#2021 = LINE( '', #2525, #2526 );
#2022 = VERTEX_POINT( '', #2527 );
#2023 = LINE( '', #2528, #2529 );
#2024 = VERTEX_POINT( '', #2530 );
#2025 = LINE( '', #2531, #2532 );
#2026 = LINE( '', #2533, #2534 );
#2027 = VERTEX_POINT( '', #2535 );
#2028 = CIRCLE( '', #2536, 1.20000000000000 );
#2029 = LINE( '', #2537, #2538 );
#2030 = VERTEX_POINT( '', #2539 );
#2031 = LINE( '', #2540, #2541 );
#2032 = LINE( '', #2542, #2543 );
#2033 = CIRCLE( '', #2544, 1.20000000000000 );
#2034 = VERTEX_POINT( '', #2545 );
#2035 = CIRCLE( '', #2546, 1.30000000000000 );
#2036 = VERTEX_POINT( '', #2547 );
#2037 = CIRCLE( '', #2548, 1.30000000000000 );
#2038 = VERTEX_POINT( '', #2549 );
#2039 = LINE( '', #2550, #2551 );
#2040 = LINE( '', #2552, #2553 );
#2041 = LINE( '', #2554, #2555 );
#2042 = LINE( '', #2556, #2557 );
#2043 = CIRCLE( '', #2558, 1.20000000000000 );
#2044 = VERTEX_POINT( '', #2559 );
#2045 = CIRCLE( '', #2560, 1.05650000000000 );
#2046 = VERTEX_POINT( '', #2561 );
#2047 = CIRCLE( '', #2562, 1.05650000000000 );
#2048 = VERTEX_POINT( '', #2563 );
#2049 = CIRCLE( '', #2564, 4.70000000000000 );
#2050 = VERTEX_POINT( '', #2565 );
#2051 = CIRCLE( '', #2566, 0.400000000000000 );
#2052 = VERTEX_POINT( '', #2567 );
#2053 = LINE( '', #2568, #2569 );
#2054 = LINE( '', #2570, #2571 );
#2055 = VERTEX_POINT( '', #2572 );
#2056 = LINE( '', #2573, #2574 );
#2057 = VERTEX_POINT( '', #2575 );
#2058 = LINE( '', #2576, #2577 );
#2059 = VERTEX_POINT( '', #2578 );
#2060 = CIRCLE( '', #2579, 0.400000000000000 );
#2061 = CIRCLE( '', #2580, 4.70000000000000 );
#2062 = LINE( '', #2581, #2582 );
#2063 = LINE( '', #2583, #2584 );
#2064 = LINE( '', #2585, #2586 );
#2065 = VERTEX_POINT( '', #2587 );
#2066 = CIRCLE( '', #2588, 1.05650000000000 );
#2067 = VERTEX_POINT( '', #2589 );
#2068 = CIRCLE( '', #2590, 1.05650000000000 );
#2069 = CIRCLE( '', #2591, 1.10000000000000 );
#2070 = CIRCLE( '', #2592, 1.10000000000000 );
#2071 = VERTEX_POINT( '', #2593 );
#2072 = VERTEX_POINT( '', #2594 );
#2073 = CIRCLE( '', #2595, 1.10000000000000 );
#2074 = VERTEX_POINT( '', #2596 );
#2075 = LINE( '', #2597, #2598 );
#2076 = VERTEX_POINT( '', #2599 );
#2077 = CIRCLE( '', #2600, 1.10000000000000 );
#2078 = LINE( '', #2601, #2602 );
#2079 = VERTEX_POINT( '', #2603 );
#2080 = LINE( '', #2604, #2605 );
#2081 = VERTEX_POINT( '', #2606 );
#2082 = LINE( '', #2607, #2608 );
#2083 = LINE( '', #2609, #2610 );
#2084 = VERTEX_POINT( '', #2611 );
#2085 = LINE( '', #2612, #2613 );
#2086 = VERTEX_POINT( '', #2614 );
#2087 = LINE( '', #2615, #2616 );
#2088 = LINE( '', #2617, #2618 );
#2089 = VERTEX_POINT( '', #2619 );
#2090 = LINE( '', #2620, #2621 );
#2091 = VERTEX_POINT( '', #2622 );
#2092 = LINE( '', #2623, #2624 );
#2093 = LINE( '', #2625, #2626 );
#2094 = VERTEX_POINT( '', #2627 );
#2095 = LINE( '', #2628, #2629 );
#2096 = VERTEX_POINT( '', #2630 );
#2097 = LINE( '', #2631, #2632 );
#2098 = LINE( '', #2633, #2634 );
#2099 = VERTEX_POINT( '', #2635 );
#2100 = CIRCLE( '', #2636, 1.10000000000000 );
#2101 = VERTEX_POINT( '', #2637 );
#2102 = LINE( '', #2638, #2639 );
#2103 = CIRCLE( '', #2640, 1.10000000000000 );
#2104 = VERTEX_POINT( '', #2641 );
#2105 = LINE( '', #2642, #2643 );
#2106 = VERTEX_POINT( '', #2644 );
#2107 = LINE( '', #2645, #2646 );
#2108 = LINE( '', #2647, #2648 );
#2109 = LINE( '', #2649, #2650 );
#2110 = LINE( '', #2651, #2652 );
#2111 = VERTEX_POINT( '', #2653 );
#2112 = VERTEX_POINT( '', #2654 );
#2113 = LINE( '', #2655, #2656 );
#2114 = VERTEX_POINT( '', #2657 );
#2115 = CIRCLE( '', #2658, 0.200000000000000 );
#2116 = VERTEX_POINT( '', #2659 );
#2117 = CIRCLE( '', #2660, 4.40000000000000 );
#2118 = VERTEX_POINT( '', #2661 );
#2119 = CIRCLE( '', #2662, 4.70000000000000 );
#2120 = VERTEX_POINT( '', #2663 );
#2121 = CIRCLE( '', #2664, 4.40000000000000 );
#2122 = VERTEX_POINT( '', #2665 );
#2123 = CIRCLE( '', #2666, 0.200000000000000 );
#2124 = VERTEX_POINT( '', #2667 );
#2125 = LINE( '', #2668, #2669 );
#2126 = VERTEX_POINT( '', #2670 );
#2127 = CIRCLE( '', #2671, 0.400000000000000 );
#2128 = VERTEX_POINT( '', #2672 );
#2129 = LINE( '', #2673, #2674 );
#2130 = CIRCLE( '', #2675, 0.400000000000000 );
#2131 = VERTEX_POINT( '', #2676 );
#2132 = VERTEX_POINT( '', #2677 );
#2133 = LINE( '', #2678, #2679 );
#2134 = VERTEX_POINT( '', #2680 );
#2135 = LINE( '', #2681, #2682 );
#2136 = VERTEX_POINT( '', #2683 );
#2137 = LINE( '', #2684, #2685 );
#2138 = VERTEX_POINT( '', #2686 );
#2139 = CIRCLE( '', #2687, 0.400000000000000 );
#2140 = VERTEX_POINT( '', #2688 );
#2141 = LINE( '', #2689, #2690 );
#2142 = VERTEX_POINT( '', #2691 );
#2143 = CIRCLE( '', #2692, 0.200000000000000 );
#2144 = VERTEX_POINT( '', #2693 );
#2145 = CIRCLE( '', #2694, 4.40000000000000 );
#2146 = VERTEX_POINT( '', #2695 );
#2147 = CIRCLE( '', #2696, 4.70000000000000 );
#2148 = VERTEX_POINT( '', #2697 );
#2149 = CIRCLE( '', #2698, 4.40000000000000 );
#2150 = VERTEX_POINT( '', #2699 );
#2151 = CIRCLE( '', #2700, 0.200000000000000 );
#2152 = VERTEX_POINT( '', #2701 );
#2153 = LINE( '', #2702, #2703 );
#2154 = VERTEX_POINT( '', #2704 );
#2155 = CIRCLE( '', #2705, 0.400000000000000 );
#2156 = VERTEX_POINT( '', #2706 );
#2157 = LINE( '', #2707, #2708 );
#2158 = LINE( '', #2709, #2710 );
#2159 = VERTEX_POINT( '', #2711 );
#2160 = LINE( '', #2712, #2713 );
#2161 = VERTEX_POINT( '', #2714 );
#2162 = CIRCLE( '', #2715, 0.200000000000000 );
#2163 = LINE( '', #2716, #2717 );
#2164 = VERTEX_POINT( '', #2718 );
#2165 = CIRCLE( '', #2719, 1.30000000000000 );
#2166 = VERTEX_POINT( '', #2720 );
#2167 = CIRCLE( '', #2721, 1.30000000000000 );
#2168 = VERTEX_POINT( '', #2722 );
#2169 = LINE( '', #2723, #2724 );
#2170 = VERTEX_POINT( '', #2725 );
#2171 = LINE( '', #2726, #2727 );
#2172 = VERTEX_POINT( '', #2728 );
#2173 = LINE( '', #2729, #2730 );
#2174 = VERTEX_POINT( '', #2731 );
#2175 = LINE( '', #2732, #2733 );
#2176 = VERTEX_POINT( '', #2734 );
#2177 = LINE( '', #2735, #2736 );
#2178 = VERTEX_POINT( '', #2737 );
#2179 = LINE( '', #2738, #2739 );
#2180 = VERTEX_POINT( '', #2740 );
#2181 = LINE( '', #2741, #2742 );
#2182 = VERTEX_POINT( '', #2743 );
#2183 = LINE( '', #2744, #2745 );
#2184 = VERTEX_POINT( '', #2746 );
#2185 = LINE( '', #2747, #2748 );
#2186 = VERTEX_POINT( '', #2749 );
#2187 = LINE( '', #2750, #2751 );
#2188 = LINE( '', #2752, #2753 );
#2189 = VERTEX_POINT( '', #2754 );
#2190 = LINE( '', #2755, #2756 );
#2191 = VERTEX_POINT( '', #2757 );
#2192 = LINE( '', #2758, #2759 );
#2193 = LINE( '', #2760, #2761 );
#2194 = VERTEX_POINT( '', #2762 );
#2195 = LINE( '', #2763, #2764 );
#2196 = VERTEX_POINT( '', #2765 );
#2197 = LINE( '', #2766, #2767 );
#2198 = VERTEX_POINT( '', #2768 );
#2199 = LINE( '', #2769, #2770 );
#2200 = LINE( '', #2771, #2772 );
#2201 = VERTEX_POINT( '', #2773 );
#2202 = CIRCLE( '', #2774, 1.05650000000000 );
#2203 = VERTEX_POINT( '', #2775 );
#2204 = CIRCLE( '', #2776, 1.05650000000000 );
#2205 = VERTEX_POINT( '', #2777 );
#2206 = VERTEX_POINT( '', #2778 );
#2207 = LINE( '', #2779, #2780 );
#2208 = VERTEX_POINT( '', #2781 );
#2209 = CIRCLE( '', #2782, 0.400000000000000 );
#2210 = VERTEX_POINT( '', #2783 );
#2211 = LINE( '', #2784, #2785 );
#2212 = VERTEX_POINT( '', #2786 );
#2213 = CIRCLE( '', #2787, 0.400000000000000 );
#2214 = VERTEX_POINT( '', #2788 );
#2215 = LINE( '', #2789, #2790 );
#2216 = VERTEX_POINT( '', #2791 );
#2217 = CIRCLE( '', #2792, 0.200000000000000 );
#2218 = VERTEX_POINT( '', #2793 );
#2219 = CIRCLE( '', #2794, 4.40000000000000 );
#2220 = VERTEX_POINT( '', #2795 );
#2221 = CIRCLE( '', #2796, 4.70000000000000 );
#2222 = VERTEX_POINT( '', #2797 );
#2223 = CIRCLE( '', #2798, 4.40000000000000 );
#2224 = CIRCLE( '', #2799, 0.200000000000000 );
#2225 = LINE( '', #2800, #2801 );
#2226 = LINE( '', #2802, #2803 );
#2227 = LINE( '', #2804, #2805 );
#2228 = LINE( '', #2806, #2807 );
#2229 = LINE( '', #2808, #2809 );
#2230 = LINE( '', #2810, #2811 );
#2231 = LINE( '', #2812, #2813 );
#2232 = LINE( '', #2814, #2815 );
#2233 = LINE( '', #2816, #2817 );
#2234 = LINE( '', #2818, #2819 );
#2235 = LINE( '', #2820, #2821 );
#2236 = VERTEX_POINT( '', #2822 );
#2237 = LINE( '', #2823, #2824 );
#2238 = VERTEX_POINT( '', #2825 );
#2239 = LINE( '', #2826, #2827 );
#2240 = VERTEX_POINT( '', #2828 );
#2241 = CIRCLE( '', #2829, 0.400000000000000 );
#2242 = VERTEX_POINT( '', #2830 );
#2243 = LINE( '', #2831, #2832 );
#2244 = VERTEX_POINT( '', #2833 );
#2245 = CIRCLE( '', #2834, 0.200000000000000 );
#2246 = VERTEX_POINT( '', #2835 );
#2247 = CIRCLE( '', #2836, 4.40000000000000 );
#2248 = VERTEX_POINT( '', #2837 );
#2249 = CIRCLE( '', #2838, 4.70000000000000 );
#2250 = CIRCLE( '', #2839, 4.40000000000000 );
#2251 = VERTEX_POINT( '', #2840 );
#2252 = LINE( '', #2841, #2842 );
#2253 = VERTEX_POINT( '', #2843 );
#2254 = CIRCLE( '', #2844, 0.400000000000000 );
#2255 = LINE( '', #2845, #2846 );
#2256 = LINE( '', #2847, #2848 );
#2257 = LINE( '', #2849, #2850 );
#2258 = VERTEX_POINT( '', #2851 );
#2259 = LINE( '', #2852, #2853 );
#2260 = LINE( '', #2854, #2855 );
#2261 = VERTEX_POINT( '', #2856 );
#2262 = LINE( '', #2857, #2858 );
#2263 = LINE( '', #2859, #2860 );
#2264 = VERTEX_POINT( '', #2861 );
#2265 = VERTEX_POINT( '', #2862 );
#2266 = LINE( '', #2863, #2864 );
#2267 = LINE( '', #2865, #2866 );
#2268 = LINE( '', #2867, #2868 );
#2269 = LINE( '', #2869, #2870 );
#2270 = VERTEX_POINT( '', #2871 );
#2271 = CIRCLE( '', #2872, 1.30000000000000 );
#2272 = VERTEX_POINT( '', #2873 );
#2273 = CIRCLE( '', #2874, 1.30000000000000 );
#2274 = CIRCLE( '', #2875, 1.10000000000000 );
#2275 = CIRCLE( '', #2876, 1.10000000000000 );
#2276 = CIRCLE( '', #2877, 1.10000000000000 );
#2277 = CIRCLE( '', #2878, 1.10000000000000 );
#2278 = VERTEX_POINT( '', #2879 );
#2279 = CIRCLE( '', #2880, 1.05650000000000 );
#2280 = VERTEX_POINT( '', #2881 );
#2281 = CIRCLE( '', #2882, 1.05650000000000 );
#2282 = LINE( '', #2883, #2884 );
#2283 = LINE( '', #2885, #2886 );
#2284 = LINE( '', #2887, #2888 );
#2285 = LINE( '', #2889, #2890 );
#2286 = LINE( '', #2891, #2892 );
#2287 = LINE( '', #2893, #2894 );
#2288 = LINE( '', #2895, #2896 );
#2289 = CARTESIAN_POINT( '', ( 20.1500000000000, -3.24737205583712, 3.90000000000000 ) );
#2290 = CARTESIAN_POINT( '', ( 20.1500000000000, -5.15262794416289, 3.90000000000000 ) );
#2291 = AXIS2_PLACEMENT_3D( '', #2897, #2898, #2899 );
#2292 = CARTESIAN_POINT( '', ( 20.1500000000000, -5.80000000000000, 3.90000000000000 ) );
#2293 = VECTOR( '', #2900, 1000.00000000000 );
#2294 = CARTESIAN_POINT( '', ( 4.85000000000000, -5.15262794416289, 3.90000000000000 ) );
#2295 = CARTESIAN_POINT( '', ( 4.85000000000000, -3.24737205583712, 3.90000000000000 ) );
#2296 = CARTESIAN_POINT( '', ( 4.85000000000000, -5.80000000000000, 3.90000000000000 ) );
#2297 = VECTOR( '', #2901, 1000.00000000000 );
#2298 = AXIS2_PLACEMENT_3D( '', #2902, #2903, #2904 );
#2299 = CARTESIAN_POINT( '', ( 20.1500000000000, -3.24737205583712, 3.90000000000000 ) );
#2300 = VECTOR( '', #2905, 1000.00000000000 );
#2301 = CARTESIAN_POINT( '', ( 20.1500000000000, -5.15262794416289, 3.90000000000000 ) );
#2302 = VECTOR( '', #2906, 1000.00000000000 );
#2303 = CARTESIAN_POINT( '', ( 23.9800000000000, -2.30000000000000, 3.90000000000000 ) );
#2304 = CARTESIAN_POINT( '', ( 23.9800000000000, -5.60000000000000, 3.90000000000000 ) );
#2305 = CARTESIAN_POINT( '', ( 23.9800000000000, -2.30000000000000, 3.90000000000000 ) );
#2306 = VECTOR( '', #2907, 1000.00000000000 );
#2307 = CARTESIAN_POINT( '', ( 24.9800000000000, -5.60000000000000, 3.90000000000000 ) );
#2308 = CARTESIAN_POINT( '', ( 23.9800000000000, -5.60000000000000, 3.90000000000000 ) );
#2309 = VECTOR( '', #2908, 1000.00000000000 );
#2310 = CARTESIAN_POINT( '', ( 24.9800000000000, -2.30000000000000, 3.90000000000000 ) );
#2311 = CARTESIAN_POINT( '', ( 24.9800000000000, -2.30000000000000, 3.90000000000000 ) );
#2312 = VECTOR( '', #2909, 1000.00000000000 );
#2313 = CARTESIAN_POINT( '', ( 25.0000000000000, -2.30000000000000, 3.90000000000000 ) );
#2314 = CARTESIAN_POINT( '', ( 25.0000000000000, -2.30000000000000, 3.90000000000000 ) );
#2315 = VECTOR( '', #2910, 1000.00000000000 );
#2316 = CARTESIAN_POINT( '', ( 25.0000000000000, -5.80000000000000, 3.90000000000000 ) );
#2317 = CARTESIAN_POINT( '', ( 25.0000000000000, -5.80000000000000, 3.90000000000000 ) );
#2318 = VECTOR( '', #2911, 1000.00000000000 );
#2319 = CARTESIAN_POINT( '', ( 0.000000000000000, -5.80000000000000, 3.90000000000000 ) );
#2320 = CARTESIAN_POINT( '', ( 25.0000000000000, -5.80000000000000, 3.90000000000000 ) );
#2321 = VECTOR( '', #2912, 1000.00000000000 );
#2322 = CARTESIAN_POINT( '', ( 0.000000000000000, -2.30000000000000, 3.90000000000000 ) );
#2323 = CARTESIAN_POINT( '', ( 0.000000000000000, -5.80000000000000, 3.90000000000000 ) );
#2324 = VECTOR( '', #2913, 1000.00000000000 );
#2325 = CARTESIAN_POINT( '', ( 0.0199999999999992, -2.30000000000000, 3.90000000000000 ) );
#2326 = CARTESIAN_POINT( '', ( 25.0000000000000, -2.30000000000000, 3.90000000000000 ) );
#2327 = VECTOR( '', #2914, 1000.00000000000 );
#2328 = CARTESIAN_POINT( '', ( 0.0199999999999992, -5.60000000000000, 3.90000000000000 ) );
#2329 = CARTESIAN_POINT( '', ( 0.0200000000000000, -2.30000000000000, 3.90000000000000 ) );
#2330 = VECTOR( '', #2915, 1000.00000000000 );
#2331 = CARTESIAN_POINT( '', ( 1.02000000000000, -5.60000000000000, 3.90000000000000 ) );
#2332 = CARTESIAN_POINT( '', ( 1.02000000000000, -5.60000000000000, 3.90000000000000 ) );
#2333 = VECTOR( '', #2916, 1000.00000000000 );
#2334 = CARTESIAN_POINT( '', ( 1.02000000000000, -2.30000000000000, 3.90000000000000 ) );
#2335 = CARTESIAN_POINT( '', ( 1.02000000000000, -2.30000000000000, 3.90000000000000 ) );
#2336 = VECTOR( '', #2917, 1000.00000000000 );
#2337 = CARTESIAN_POINT( '', ( 25.0000000000000, -2.30000000000000, 3.90000000000000 ) );
#2338 = VECTOR( '', #2918, 1000.00000000000 );
#2339 = CARTESIAN_POINT( '', ( 23.9800000000000, -1.10000000000000, 2.70000000000000 ) );
#2340 = CARTESIAN_POINT( '', ( 1.02000000000000, -1.10000000000000, 2.70000000000000 ) );
#2341 = CARTESIAN_POINT( '', ( 25.0000000000000, -1.10000000000000, 2.70000000000000 ) );
#2342 = VECTOR( '', #2919, 1000.00000000000 );
#2343 = AXIS2_PLACEMENT_3D( '', #2920, #2921, #2922 );
#2344 = AXIS2_PLACEMENT_3D( '', #2923, #2924, #2925 );
#2345 = CARTESIAN_POINT( '', ( 0.000000000000000, -5.80000000000000, 5.00000000000000 ) );
#2346 = CARTESIAN_POINT( '', ( 0.000000000000000, -5.80000000000000, 5.00000000000000 ) );
#2347 = VECTOR( '', #2926, 1000.00000000000 );
#2348 = CARTESIAN_POINT( '', ( 25.0000000000000, -5.80000000000000, 5.00000000000000 ) );
#2349 = CARTESIAN_POINT( '', ( 25.0000000000000, -5.80000000000000, 5.00000000000000 ) );
#2350 = VECTOR( '', #2927, 1000.00000000000 );
#2351 = CARTESIAN_POINT( '', ( 25.0000000000000, -5.80000000000000, 5.00000000000000 ) );
#2352 = VECTOR( '', #2928, 1000.00000000000 );
#2353 = CARTESIAN_POINT( '', ( 0.000000000000000, -2.57000000000000, 5.00000000000000 ) );
#2354 = CARTESIAN_POINT( '', ( 0.000000000000000, -2.57000000000000, 5.00000000000000 ) );
#2355 = VECTOR( '', #2929, 1000.00000000000 );
#2356 = CARTESIAN_POINT( '', ( 25.0000000000000, -2.57000000000000, 5.00000000000000 ) );
#2357 = CARTESIAN_POINT( '', ( 25.0000000000000, -2.57000000000000, 5.00000000000000 ) );
#2358 = VECTOR( '', #2930, 1000.00000000000 );
#2359 = CARTESIAN_POINT( '', ( 25.0000000000000, -2.57000000000000, 5.00000000000000 ) );
#2360 = VECTOR( '', #2931, 1000.00000000000 );
#2361 = CARTESIAN_POINT( '', ( 0.000000000000000, 0.000000000000000, 2.43000000000000 ) );
#2362 = AXIS2_PLACEMENT_3D( '', #2932, #2933, #2934 );
#2363 = CARTESIAN_POINT( '', ( 25.0000000000000, 0.000000000000000, 2.43000000000000 ) );
#2364 = AXIS2_PLACEMENT_3D( '', #2935, #2936, #2937 );
#2365 = CARTESIAN_POINT( '', ( 25.0000000000000, 0.000000000000000, 2.43000000000000 ) );
#2366 = VECTOR( '', #2938, 1000.00000000000 );
#2367 = CARTESIAN_POINT( '', ( 24.9800000000000, -5.60000000000000, 3.38000000000000 ) );
#2368 = CARTESIAN_POINT( '', ( 24.9800000000000, -3.33983537948345, 3.19320953549450 ) );
#2369 = CARTESIAN_POINT( '', ( 24.9800000000000, -5.60000000000000, 3.38000000000000 ) );
#2370 = VECTOR( '', #2939, 1000.00000000000 );
#2371 = CARTESIAN_POINT( '', ( 23.9800000000000, -5.60000000000000, 3.38000000000000 ) );
#2372 = CARTESIAN_POINT( '', ( 23.9800000000000, -5.60000000000000, 3.38000000000000 ) );
#2373 = VECTOR( '', #2940, 1000.00000000000 );
#2374 = CARTESIAN_POINT( '', ( 23.9800000000000, -3.33983537948345, 3.19320953549450 ) );
#2375 = CARTESIAN_POINT( '', ( 23.9800000000000, -5.60000000000000, 3.38000000000000 ) );
#2376 = VECTOR( '', #2941, 1000.00000000000 );
#2377 = CARTESIAN_POINT( '', ( 23.9800000000000, -3.33983537948345, 3.19320953549450 ) );
#2378 = VECTOR( '', #2942, 1000.00000000000 );
#2379 = CARTESIAN_POINT( '', ( 24.9800000000000, -3.06877290796305, 3.05452847456232 ) );
#2380 = AXIS2_PLACEMENT_3D( '', #2943, #2944, #2945 );
#2381 = CARTESIAN_POINT( '', ( 23.9800000000000, -3.06877290796305, 3.05452847456232 ) );
#2382 = AXIS2_PLACEMENT_3D( '', #2946, #2947, #2948 );
#2383 = CARTESIAN_POINT( '', ( 23.9800000000000, -3.06877290796305, 3.05452847456232 ) );
#2384 = VECTOR( '', #2949, 1000.00000000000 );
#2385 = CARTESIAN_POINT( '', ( 24.9800000000000, -5.60000000000000, 3.90000000000000 ) );
#2386 = VECTOR( '', #2950, 1000.00000000000 );
#2387 = CARTESIAN_POINT( '', ( 23.9800000000000, -5.60000000000000, 3.90000000000000 ) );
#2388 = VECTOR( '', #2951, 1000.00000000000 );
#2389 = CARTESIAN_POINT( '', ( 1.02000000000000, -5.60000000000000, 3.38000000000000 ) );
#2390 = CARTESIAN_POINT( '', ( 1.02000000000000, -5.60000000000000, 3.90000000000000 ) );
#2391 = VECTOR( '', #2952, 1000.00000000000 );
#2392 = CARTESIAN_POINT( '', ( 1.02000000000000, -3.33983537948345, 3.19320953549450 ) );
#2393 = CARTESIAN_POINT( '', ( 1.02000000000000, -5.60000000000000, 3.38000000000000 ) );
#2394 = VECTOR( '', #2953, 1000.00000000000 );
#2395 = CARTESIAN_POINT( '', ( 1.02000000000000, -3.06877290796305, 3.05452847456232 ) );
#2396 = AXIS2_PLACEMENT_3D( '', #2954, #2955, #2956 );
#2397 = CARTESIAN_POINT( '', ( 1.02000000000000, -3.06877290796305, -3.05452847456232 ) );
#2398 = AXIS2_PLACEMENT_3D( '', #2957, #2958, #2959 );
#2399 = CARTESIAN_POINT( '', ( 1.02000000000000, -3.33983537948345, -3.19320953549450 ) );
#2400 = AXIS2_PLACEMENT_3D( '', #2960, #2961, #2962 );
#2401 = CARTESIAN_POINT( '', ( 1.02000000000000, -5.60000000000000, -3.38000000000000 ) );
#2402 = CARTESIAN_POINT( '', ( 1.02000000000000, -3.33983537948345, -3.19320953549450 ) );
#2403 = VECTOR( '', #2963, 1000.00000000000 );
#2404 = CARTESIAN_POINT( '', ( 1.02000000000000, -5.60000000000000, -3.90000000000000 ) );
#2405 = CARTESIAN_POINT( '', ( 1.02000000000000, -5.60000000000000, -3.38000000000000 ) );
#2406 = VECTOR( '', #2964, 1000.00000000000 );
#2407 = CARTESIAN_POINT( '', ( 1.02000000000000, -2.30000000000000, -3.90000000000000 ) );
#2408 = CARTESIAN_POINT( '', ( 1.02000000000000, -5.60000000000000, -3.90000000000000 ) );
#2409 = VECTOR( '', #2965, 1000.00000000000 );
#2410 = CARTESIAN_POINT( '', ( 1.02000000000000, -1.10000000000000, -2.70000000000000 ) );
#2411 = AXIS2_PLACEMENT_3D( '', #2966, #2967, #2968 );
#2412 = CARTESIAN_POINT( '', ( 1.02000000000000, -1.10000000000000, -2.70000000000000 ) );
#2413 = VECTOR( '', #2969, 1000.00000000000 );
#2414 = CARTESIAN_POINT( '', ( 0.0199999999999992, -1.10000000000000, 2.70000000000000 ) );
#2415 = AXIS2_PLACEMENT_3D( '', #2970, #2971, #2972 );
#2416 = CARTESIAN_POINT( '', ( 0.0199999999999992, -1.10000000000000, -2.70000000000000 ) );
#2417 = CARTESIAN_POINT( '', ( 0.0200000000000000, -1.10000000000000, -2.70000000000000 ) );
#2418 = VECTOR( '', #2973, 1000.00000000000 );
#2419 = CARTESIAN_POINT( '', ( 0.0199999999999992, -2.30000000000000, -3.90000000000000 ) );
#2420 = AXIS2_PLACEMENT_3D( '', #2974, #2975, #2976 );
#2421 = CARTESIAN_POINT( '', ( 0.0200000000000000, -5.60000000000000, -3.90000000000000 ) );
#2422 = CARTESIAN_POINT( '', ( 0.0200000000000000, -5.60000000000000, -3.90000000000000 ) );
#2423 = VECTOR( '', #2977, 1000.00000000000 );
#2424 = CARTESIAN_POINT( '', ( 0.0200000000000000, -5.60000000000000, -3.38000000000000 ) );
#2425 = CARTESIAN_POINT( '', ( 0.0200000000000000, -5.60000000000000, -3.38000000000000 ) );
#2426 = VECTOR( '', #2978, 1000.00000000000 );
#2427 = CARTESIAN_POINT( '', ( 0.0200000000000000, -3.33983537948345, -3.19320953549450 ) );
#2428 = CARTESIAN_POINT( '', ( 0.0200000000000000, -3.33983537948345, -3.19320953549450 ) );
#2429 = VECTOR( '', #2979, 1000.00000000000 );
#2430 = CARTESIAN_POINT( '', ( 0.0200000000000000, -3.06877290796305, -3.05452847456232 ) );
#2431 = AXIS2_PLACEMENT_3D( '', #2980, #2981, #2982 );
#2432 = CARTESIAN_POINT( '', ( 0.0200000000000000, -3.06877290796305, 3.05452847456232 ) );
#2433 = AXIS2_PLACEMENT_3D( '', #2983, #2984, #2985 );
#2434 = CARTESIAN_POINT( '', ( 0.0200000000000000, -3.33983537948345, 3.19320953549450 ) );
#2435 = AXIS2_PLACEMENT_3D( '', #2986, #2987, #2988 );
#2436 = CARTESIAN_POINT( '', ( 0.0200000000000000, -5.60000000000000, 3.38000000000000 ) );
#2437 = CARTESIAN_POINT( '', ( 0.0200000000000000, -5.60000000000000, 3.38000000000000 ) );
#2438 = VECTOR( '', #2989, 1000.00000000000 );
#2439 = CARTESIAN_POINT( '', ( 0.0200000000000000, -5.60000000000000, 3.90000000000000 ) );
#2440 = VECTOR( '', #2990, 1000.00000000000 );
#2441 = CARTESIAN_POINT( '', ( 1.02000000000000, -5.60000000000000, -3.90000000000000 ) );
#2442 = VECTOR( '', #2991, 1000.00000000000 );
#2443 = CARTESIAN_POINT( '', ( 1.02000000000000, -5.60000000000000, -3.38000000000000 ) );
#2444 = VECTOR( '', #2992, 1000.00000000000 );
#2445 = CARTESIAN_POINT( '', ( 1.02000000000000, -3.33983537948345, -3.19320953549450 ) );
#2446 = VECTOR( '', #2993, 1000.00000000000 );
#2447 = CARTESIAN_POINT( '', ( 1.02000000000000, -3.06877290796305, -3.05452847456232 ) );
#2448 = VECTOR( '', #2994, 1000.00000000000 );
#2449 = CARTESIAN_POINT( '', ( 1.02000000000000, -3.06877290796305, 3.05452847456232 ) );
#2450 = VECTOR( '', #2995, 1000.00000000000 );
#2451 = CARTESIAN_POINT( '', ( 1.02000000000000, -3.33983537948345, 3.19320953549450 ) );
#2452 = VECTOR( '', #2996, 1000.00000000000 );
#2453 = CARTESIAN_POINT( '', ( 1.02000000000000, -5.60000000000000, 3.38000000000000 ) );
#2454 = VECTOR( '', #2997, 1000.00000000000 );
#2455 = CARTESIAN_POINT( '', ( 25.0000000000000, -1.10000000000000, 2.70000000000000 ) );
#2456 = AXIS2_PLACEMENT_3D( '', #2998, #2999, #3000 );
#2457 = CARTESIAN_POINT( '', ( 25.0000000000000, -1.10000000000000, -2.70000000000000 ) );
#2458 = CARTESIAN_POINT( '', ( 25.0000000000000, -1.10000000000000, 2.70000000000000 ) );
#2459 = VECTOR( '', #3001, 1000.00000000000 );
#2460 = CARTESIAN_POINT( '', ( 25.0000000000000, -2.30000000000000, -3.90000000000000 ) );
#2461 = AXIS2_PLACEMENT_3D( '', #3002, #3003, #3004 );
#2462 = CARTESIAN_POINT( '', ( 25.0000000000000, -5.80000000000000, -3.90000000000000 ) );
#2463 = CARTESIAN_POINT( '', ( 25.0000000000000, -2.30000000000000, -3.90000000000000 ) );
#2464 = VECTOR( '', #3005, 1000.00000000000 );
#2465 = CARTESIAN_POINT( '', ( 25.0000000000000, -5.80000000000000, -5.00000000000000 ) );
#2466 = CARTESIAN_POINT( '', ( 25.0000000000000, -5.80000000000000, -3.90000000000000 ) );
#2467 = VECTOR( '', #3006, 1000.00000000000 );
#2468 = CARTESIAN_POINT( '', ( 25.0000000000000, -2.57000000000000, -5.00000000000000 ) );
#2469 = CARTESIAN_POINT( '', ( 25.0000000000000, -5.80000000000000, -5.00000000000000 ) );
#2470 = VECTOR( '', #3007, 1000.00000000000 );
#2471 = CARTESIAN_POINT( '', ( 25.0000000000000, 4.33680868994202E-16, -2.43000000000000 ) );
#2472 = AXIS2_PLACEMENT_3D( '', #3008, #3009, #3010 );
#2473 = CARTESIAN_POINT( '', ( 25.0000000000000, 0.000000000000000, -2.43000000000000 ) );
#2474 = VECTOR( '', #3011, 1000.00000000000 );
#2475 = CARTESIAN_POINT( '', ( 0.000000000000000, 4.33680868994202E-16, -2.43000000000000 ) );
#2476 = CARTESIAN_POINT( '', ( 0.000000000000000, 0.000000000000000, -2.43000000000000 ) );
#2477 = VECTOR( '', #3012, 1000.00000000000 );
#2478 = CARTESIAN_POINT( '', ( 0.000000000000000, -2.57000000000000, -5.00000000000000 ) );
#2479 = AXIS2_PLACEMENT_3D( '', #3013, #3014, #3015 );
#2480 = CARTESIAN_POINT( '', ( 0.000000000000000, -5.80000000000000, -5.00000000000000 ) );
#2481 = CARTESIAN_POINT( '', ( 0.000000000000000, -5.80000000000000, -5.00000000000000 ) );
#2482 = VECTOR( '', #3016, 1000.00000000000 );
#2483 = CARTESIAN_POINT( '', ( 0.000000000000000, -5.80000000000000, -3.90000000000000 ) );
#2484 = CARTESIAN_POINT( '', ( 0.000000000000000, -5.80000000000000, -3.90000000000000 ) );
#2485 = VECTOR( '', #3017, 1000.00000000000 );
#2486 = CARTESIAN_POINT( '', ( 0.000000000000000, -2.30000000000000, -3.90000000000000 ) );
#2487 = CARTESIAN_POINT( '', ( 0.000000000000000, -2.30000000000000, -3.90000000000000 ) );
#2488 = VECTOR( '', #3018, 1000.00000000000 );
#2489 = CARTESIAN_POINT( '', ( 0.000000000000000, -1.10000000000000, -2.70000000000000 ) );
#2490 = AXIS2_PLACEMENT_3D( '', #3019, #3020, #3021 );
#2491 = CARTESIAN_POINT( '', ( 0.000000000000000, -1.10000000000000, 2.70000000000000 ) );
#2492 = CARTESIAN_POINT( '', ( 0.000000000000000, -1.10000000000000, 2.70000000000000 ) );
#2493 = VECTOR( '', #3022, 1000.00000000000 );
#2494 = AXIS2_PLACEMENT_3D( '', #3023, #3024, #3025 );
#2495 = CARTESIAN_POINT( '', ( 20.0000000000000, 0.000000000000000, -1.30000000000000 ) );
#2496 = AXIS2_PLACEMENT_3D( '', #3026, #3027, #3028 );
#2497 = CARTESIAN_POINT( '', ( 5.00000000000000, 0.000000000000000, -1.30000000000000 ) );
#2498 = AXIS2_PLACEMENT_3D( '', #3029, #3030, #3031 );
#2499 = CARTESIAN_POINT( '', ( 25.0000000000000, 4.33680868994202E-16, -2.43000000000000 ) );
#2500 = VECTOR( '', #3032, 1000.00000000000 );
#2501 = CARTESIAN_POINT( '', ( 25.0000000000000, -2.57000000000000, -5.00000000000000 ) );
#2502 = VECTOR( '', #3033, 1000.00000000000 );
#2503 = CARTESIAN_POINT( '', ( 25.0000000000000, -5.80000000000000, -5.00000000000000 ) );
#2504 = VECTOR( '', #3034, 1000.00000000000 );
#2505 = CARTESIAN_POINT( '', ( 25.0000000000000, -5.80000000000000, -3.90000000000000 ) );
#2506 = VECTOR( '', #3035, 1000.00000000000 );
#2507 = CARTESIAN_POINT( '', ( 20.1500000000000, -3.24737205583712, -3.90000000000000 ) );
#2508 = CARTESIAN_POINT( '', ( 4.85000000000000, -3.24737205583712, -3.90000000000000 ) );
#2509 = CARTESIAN_POINT( '', ( 20.1500000000000, -3.24737205583712, -3.90000000000000 ) );
#2510 = VECTOR( '', #3036, 1000.00000000000 );
#2511 = CARTESIAN_POINT( '', ( 20.1500000000000, -5.15262794416288, -3.90000000000000 ) );
#2512 = CARTESIAN_POINT( '', ( 20.1500000000000, -2.30000000000000, -3.90000000000000 ) );
#2513 = VECTOR( '', #3037, 1000.00000000000 );
#2514 = CARTESIAN_POINT( '', ( 4.85000000000000, -5.15262794416288, -3.90000000000000 ) );
#2515 = CARTESIAN_POINT( '', ( 20.1500000000000, -5.15262794416288, -3.90000000000000 ) );
#2516 = VECTOR( '', #3038, 1000.00000000000 );
#2517 = CARTESIAN_POINT( '', ( 4.85000000000000, -2.30000000000000, -3.90000000000000 ) );
#2518 = VECTOR( '', #3039, 1000.00000000000 );
#2519 = CARTESIAN_POINT( '', ( 23.9800000000000, -5.60000000000000, -3.90000000000000 ) );
#2520 = CARTESIAN_POINT( '', ( 23.9800000000000, -2.30000000000000, -3.90000000000000 ) );
#2521 = CARTESIAN_POINT( '', ( 23.9800000000000, -5.60000000000000, -3.90000000000000 ) );
#2522 = VECTOR( '', #3040, 1000.00000000000 );
#2523 = CARTESIAN_POINT( '', ( 25.0000000000000, -2.30000000000000, -3.90000000000000 ) );
#2524 = VECTOR( '', #3041, 1000.00000000000 );
#2525 = CARTESIAN_POINT( '', ( 25.0000000000000, -2.30000000000000, -3.90000000000000 ) );
#2526 = VECTOR( '', #3042, 1000.00000000000 );
#2527 = CARTESIAN_POINT( '', ( 24.9800000000000, -2.30000000000000, -3.90000000000000 ) );
#2528 = CARTESIAN_POINT( '', ( 25.0000000000000, -2.30000000000000, -3.90000000000000 ) );
#2529 = VECTOR( '', #3043, 1000.00000000000 );
#2530 = CARTESIAN_POINT( '', ( 24.9800000000000, -5.60000000000000, -3.90000000000000 ) );
#2531 = CARTESIAN_POINT( '', ( 24.9800000000000, -5.60000000000000, -3.90000000000000 ) );
#2532 = VECTOR( '', #3044, 1000.00000000000 );
#2533 = CARTESIAN_POINT( '', ( 23.9800000000000, -5.60000000000000, -3.90000000000000 ) );
#2534 = VECTOR( '', #3045, 1000.00000000000 );
#2535 = CARTESIAN_POINT( '', ( 24.9800000000000, -1.10000000000000, -2.70000000000000 ) );
#2536 = AXIS2_PLACEMENT_3D( '', #3046, #3047, #3048 );
#2537 = CARTESIAN_POINT( '', ( 25.0000000000000, -1.10000000000000, -2.70000000000000 ) );
#2538 = VECTOR( '', #3049, 1000.00000000000 );
#2539 = CARTESIAN_POINT( '', ( 24.9800000000000, -1.10000000000000, 2.70000000000000 ) );
#2540 = CARTESIAN_POINT( '', ( 25.0000000000000, -1.10000000000000, 2.70000000000000 ) );
#2541 = VECTOR( '', #3050, 1000.00000000000 );
#2542 = CARTESIAN_POINT( '', ( 24.9800000000000, -1.10000000000000, -2.70000000000000 ) );
#2543 = VECTOR( '', #3051, 1000.00000000000 );
#2544 = AXIS2_PLACEMENT_3D( '', #3052, #3053, #3054 );
#2545 = CARTESIAN_POINT( '', ( 20.0000000000000, -1.10000000000000, -1.30000000000000 ) );
#2546 = AXIS2_PLACEMENT_3D( '', #3055, #3056, #3057 );
#2547 = CARTESIAN_POINT( '', ( 5.00000000000000, -1.10000000000000, -1.30000000000000 ) );
#2548 = AXIS2_PLACEMENT_3D( '', #3058, #3059, #3060 );
#2549 = CARTESIAN_POINT( '', ( 23.9800000000000, -1.10000000000000, -2.70000000000000 ) );
#2550 = CARTESIAN_POINT( '', ( 23.9800000000000, -1.10000000000000, -2.70000000000000 ) );
#2551 = VECTOR( '', #3061, 1000.00000000000 );
#2552 = CARTESIAN_POINT( '', ( 25.0000000000000, -1.10000000000000, -2.70000000000000 ) );
#2553 = VECTOR( '', #3062, 1000.00000000000 );
#2554 = CARTESIAN_POINT( '', ( 25.0000000000000, -1.10000000000000, 2.70000000000000 ) );
#2555 = VECTOR( '', #3063, 1000.00000000000 );
#2556 = CARTESIAN_POINT( '', ( 25.0000000000000, -1.10000000000000, -2.70000000000000 ) );
#2557 = VECTOR( '', #3064, 1000.00000000000 );
#2558 = AXIS2_PLACEMENT_3D( '', #3065, #3066, #3067 );
#2559 = CARTESIAN_POINT( '', ( 5.00000000000000, -0.856500000000000, -1.05650000000000 ) );
#2560 = AXIS2_PLACEMENT_3D( '', #3068, #3069, #3070 );
#2561 = CARTESIAN_POINT( '', ( 5.00000000000000, -0.243500000000000, -1.05650000000000 ) );
#2562 = AXIS2_PLACEMENT_3D( '', #3071, #3072, #3073 );
#2563 = CARTESIAN_POINT( '', ( 24.9800000000000, -3.06877290796305, -3.05452847456232 ) );
#2564 = AXIS2_PLACEMENT_3D( '', #3074, #3075, #3076 );
#2565 = CARTESIAN_POINT( '', ( 24.9800000000000, -3.33983537948345, -3.19320953549450 ) );
#2566 = AXIS2_PLACEMENT_3D( '', #3077, #3078, #3079 );
#2567 = CARTESIAN_POINT( '', ( 24.9800000000000, -5.60000000000000, -3.38000000000000 ) );
#2568 = CARTESIAN_POINT( '', ( 24.9800000000000, -3.33983537948345, -3.19320953549450 ) );
#2569 = VECTOR( '', #3080, 1000.00000000000 );
#2570 = CARTESIAN_POINT( '', ( 24.9800000000000, -5.60000000000000, -3.38000000000000 ) );
#2571 = VECTOR( '', #3081, 1000.00000000000 );
#2572 = CARTESIAN_POINT( '', ( 23.9800000000000, -5.60000000000000, -3.38000000000000 ) );
#2573 = CARTESIAN_POINT( '', ( 23.9800000000000, -5.60000000000000, -3.38000000000000 ) );
#2574 = VECTOR( '', #3082, 1000.00000000000 );
#2575 = CARTESIAN_POINT( '', ( 23.9800000000000, -3.33983537948345, -3.19320953549450 ) );
#2576 = CARTESIAN_POINT( '', ( 23.9800000000000, -3.33983537948345, -3.19320953549450 ) );
#2577 = VECTOR( '', #3083, 1000.00000000000 );
#2578 = CARTESIAN_POINT( '', ( 23.9800000000000, -3.06877290796305, -3.05452847456232 ) );
#2579 = AXIS2_PLACEMENT_3D( '', #3084, #3085, #3086 );
#2580 = AXIS2_PLACEMENT_3D( '', #3087, #3088, #3089 );
#2581 = CARTESIAN_POINT( '', ( 23.9800000000000, -5.60000000000000, -3.38000000000000 ) );
#2582 = VECTOR( '', #3090, 1000.00000000000 );
#2583 = CARTESIAN_POINT( '', ( 23.9800000000000, -3.33983537948345, -3.19320953549450 ) );
#2584 = VECTOR( '', #3091, 1000.00000000000 );
#2585 = CARTESIAN_POINT( '', ( 23.9800000000000, -3.06877290796305, -3.05452847456232 ) );
#2586 = VECTOR( '', #3092, 1000.00000000000 );
#2587 = CARTESIAN_POINT( '', ( 20.0000000000000, -0.243500000000000, -1.05650000000000 ) );
#2588 = AXIS2_PLACEMENT_3D( '', #3093, #3094, #3095 );
#2589 = CARTESIAN_POINT( '', ( 20.0000000000000, -0.856500000000000, -1.05650000000000 ) );
#2590 = AXIS2_PLACEMENT_3D( '', #3096, #3097, #3098 );
#2591 = AXIS2_PLACEMENT_3D( '', #3099, #3100, #3101 );
#2592 = AXIS2_PLACEMENT_3D( '', #3102, #3103, #3104 );
#2593 = CARTESIAN_POINT( '', ( 0.000000000000000, 0.952627944162883, 0.550000000000000 ) );
#2594 = CARTESIAN_POINT( '', ( 0.000000000000000, -0.952627944162882, 0.550000000000000 ) );
#2595 = AXIS2_PLACEMENT_3D( '', #3105, #3106, #3107 );
#2596 = CARTESIAN_POINT( '', ( 15.3000000000000, -0.952627944162882, 0.550000000000000 ) );
#2597 = CARTESIAN_POINT( '', ( 15.3000000000000, -0.952627944162882, 0.550000000000000 ) );
#2598 = VECTOR( '', #3108, 1000.00000000000 );
#2599 = CARTESIAN_POINT( '', ( 15.3000000000000, 0.952627944162883, 0.550000000000000 ) );
#2600 = AXIS2_PLACEMENT_3D( '', #3109, #3110, #3111 );
#2601 = CARTESIAN_POINT( '', ( 15.3000000000000, 0.952627944162883, 0.550000000000000 ) );
#2602 = VECTOR( '', #3112, 1000.00000000000 );
#2603 = CARTESIAN_POINT( '', ( 0.000000000000000, -1.60000000000000, 0.550000000000000 ) );
#2604 = CARTESIAN_POINT( '', ( 0.000000000000000, -0.952627944162883, 0.550000000000000 ) );
#2605 = VECTOR( '', #3113, 1000.00000000000 );
#2606 = CARTESIAN_POINT( '', ( 15.3000000000000, -1.60000000000000, 0.550000000000000 ) );
#2607 = CARTESIAN_POINT( '', ( 15.3000000000000, -1.60000000000000, 0.550000000000000 ) );
#2608 = VECTOR( '', #3114, 1000.00000000000 );
#2609 = CARTESIAN_POINT( '', ( 15.3000000000000, -0.952627944162883, 0.550000000000000 ) );
#2610 = VECTOR( '', #3115, 1000.00000000000 );
#2611 = CARTESIAN_POINT( '', ( 0.000000000000000, 1.60000000000000, 0.550000000000000 ) );
#2612 = CARTESIAN_POINT( '', ( 0.000000000000000, 1.60000000000000, 0.550000000000000 ) );
#2613 = VECTOR( '', #3116, 1000.00000000000 );
#2614 = CARTESIAN_POINT( '', ( 15.3000000000000, 1.60000000000000, 0.550000000000000 ) );
#2615 = CARTESIAN_POINT( '', ( 15.3000000000000, 1.60000000000000, 0.550000000000000 ) );
#2616 = VECTOR( '', #3117, 1000.00000000000 );
#2617 = CARTESIAN_POINT( '', ( 15.3000000000000, 1.60000000000000, 0.550000000000000 ) );
#2618 = VECTOR( '', #3118, 1000.00000000000 );
#2619 = CARTESIAN_POINT( '', ( 0.000000000000000, -1.60000000000000, -0.550000000000000 ) );
#2620 = CARTESIAN_POINT( '', ( 0.000000000000000, -1.60000000000000, 0.550000000000000 ) );
#2621 = VECTOR( '', #3119, 1000.00000000000 );
#2622 = CARTESIAN_POINT( '', ( 15.3000000000000, -1.60000000000000, -0.550000000000000 ) );
#2623 = CARTESIAN_POINT( '', ( 15.3000000000000, -1.60000000000000, -0.550000000000000 ) );
#2624 = VECTOR( '', #3120, 1000.00000000000 );
#2625 = CARTESIAN_POINT( '', ( 15.3000000000000, -1.60000000000000, 0.550000000000000 ) );
#2626 = VECTOR( '', #3121, 1000.00000000000 );
#2627 = CARTESIAN_POINT( '', ( 0.000000000000000, -0.952627944162883, -0.550000000000000 ) );
#2628 = CARTESIAN_POINT( '', ( 0.000000000000000, -1.60000000000000, -0.550000000000000 ) );
#2629 = VECTOR( '', #3122, 1000.00000000000 );
#2630 = CARTESIAN_POINT( '', ( 15.3000000000000, -0.952627944162883, -0.550000000000000 ) );
#2631 = CARTESIAN_POINT( '', ( 15.3000000000000, -0.952627944162883, -0.550000000000000 ) );
#2632 = VECTOR( '', #3123, 1000.00000000000 );
#2633 = CARTESIAN_POINT( '', ( 15.3000000000000, -1.60000000000000, -0.550000000000000 ) );
#2634 = VECTOR( '', #3124, 1000.00000000000 );
#2635 = CARTESIAN_POINT( '', ( 0.000000000000000, 0.952627944162882, -0.550000000000000 ) );
#2636 = AXIS2_PLACEMENT_3D( '', #3125, #3126, #3127 );
#2637 = CARTESIAN_POINT( '', ( 15.3000000000000, 0.952627944162882, -0.550000000000000 ) );
#2638 = CARTESIAN_POINT( '', ( 15.3000000000000, 0.952627944162882, -0.550000000000000 ) );
#2639 = VECTOR( '', #3128, 1000.00000000000 );
#2640 = AXIS2_PLACEMENT_3D( '', #3129, #3130, #3131 );
#2641 = CARTESIAN_POINT( '', ( 0.000000000000000, 1.60000000000000, -0.550000000000000 ) );
#2642 = CARTESIAN_POINT( '', ( 0.000000000000000, 0.952627944162883, -0.550000000000000 ) );
#2643 = VECTOR( '', #3132, 1000.00000000000 );
#2644 = CARTESIAN_POINT( '', ( 15.3000000000000, 1.60000000000000, -0.550000000000000 ) );
#2645 = CARTESIAN_POINT( '', ( 15.3000000000000, 1.60000000000000, -0.550000000000000 ) );
#2646 = VECTOR( '', #3133, 1000.00000000000 );
#2647 = CARTESIAN_POINT( '', ( 15.3000000000000, 0.952627944162883, -0.550000000000000 ) );
#2648 = VECTOR( '', #3134, 1000.00000000000 );
#2649 = CARTESIAN_POINT( '', ( 0.000000000000000, 1.60000000000000, -0.550000000000000 ) );
#2650 = VECTOR( '', #3135, 1000.00000000000 );
#2651 = CARTESIAN_POINT( '', ( 15.3000000000000, 1.60000000000000, -0.550000000000000 ) );
#2652 = VECTOR( '', #3136, 1000.00000000000 );
#2653 = CARTESIAN_POINT( '', ( 0.000000000000000, 2.59808783242064, 2.85979348585711 ) );
#2654 = CARTESIAN_POINT( '', ( 0.000000000000000, 0.553976461481190, 3.13817441186054 ) );
#2655 = CARTESIAN_POINT( '', ( 0.000000000000000, 2.59808783242064, 2.85979348585711 ) );
#2656 = VECTOR( '', #3137, 1000.00000000000 );
#2657 = CARTESIAN_POINT( '', ( 0.000000000000000, 2.72004145411792, 2.79510056860762 ) );
#2658 = AXIS2_PLACEMENT_3D( '', #3138, #3139, #3140 );
#2659 = CARTESIAN_POINT( '', ( 0.000000000000000, 3.59000000000000, 1.33000000000000 ) );
#2660 = AXIS2_PLACEMENT_3D( '', #3141, #3142, #3143 );
#2661 = CARTESIAN_POINT( '', ( 0.000000000000000, 3.59000000000000, -1.33000000000000 ) );
#2662 = AXIS2_PLACEMENT_3D( '', #3144, #3145, #3146 );
#2663 = CARTESIAN_POINT( '', ( 0.000000000000000, 2.72004145411792, -2.79510056860762 ) );
#2664 = AXIS2_PLACEMENT_3D( '', #3147, #3148, #3149 );
#2665 = CARTESIAN_POINT( '', ( 0.000000000000000, 2.59808783242064, -2.85979348585711 ) );
#2666 = AXIS2_PLACEMENT_3D( '', #3150, #3151, #3152 );
#2667 = CARTESIAN_POINT( '', ( 0.000000000000000, 0.553976461481190, -3.13817441186054 ) );
#2668 = CARTESIAN_POINT( '', ( 0.000000000000000, 0.553976461481190, -3.13817441186054 ) );
#2669 = VECTOR( '', #3153, 1000.00000000000 );
#2670 = CARTESIAN_POINT( '', ( 0.000000000000000, 0.100000000000000, -2.74183296612723 ) );
#2671 = AXIS2_PLACEMENT_3D( '', #3154, #3155, #3156 );
#2672 = CARTESIAN_POINT( '', ( 0.000000000000000, 0.0999999999999997, 2.74183296612723 ) );
#2673 = CARTESIAN_POINT( '', ( 0.000000000000000, 0.100000000000000, 2.74183296612723 ) );
#2674 = VECTOR( '', #3157, 1000.00000000000 );
#2675 = AXIS2_PLACEMENT_3D( '', #3158, #3159, #3160 );
#2676 = CARTESIAN_POINT( '', ( 24.0000000000000, 2.70000000000000, -2.20000000000000 ) );
#2677 = CARTESIAN_POINT( '', ( 24.0000000000000, 2.70000000000000, 2.20000000000000 ) );
#2678 = CARTESIAN_POINT( '', ( 24.0000000000000, 2.70000000000000, -2.20000000000000 ) );
#2679 = VECTOR( '', #3161, 1000.00000000000 );
#2680 = CARTESIAN_POINT( '', ( 24.0000000000000, 0.100000000000001, 2.20000000000000 ) );
#2681 = CARTESIAN_POINT( '', ( 24.0000000000000, 2.70000000000000, 2.20000000000000 ) );
#2682 = VECTOR( '', #3162, 1000.00000000000 );
#2683 = CARTESIAN_POINT( '', ( 24.0000000000000, 0.0999999999999997, 2.74183296612723 ) );
#2684 = CARTESIAN_POINT( '', ( 24.0000000000000, 0.100000000000000, 2.74183296612723 ) );
#2685 = VECTOR( '', #3163, 1000.00000000000 );
#2686 = CARTESIAN_POINT( '', ( 24.0000000000000, 0.553976461481190, 3.13817441186054 ) );
#2687 = AXIS2_PLACEMENT_3D( '', #3164, #3165, #3166 );
#2688 = CARTESIAN_POINT( '', ( 24.0000000000000, 2.59808783242064, 2.85979348585711 ) );
#2689 = CARTESIAN_POINT( '', ( 24.0000000000000, 2.59808783242064, 2.85979348585711 ) );
#2690 = VECTOR( '', #3167, 1000.00000000000 );
#2691 = CARTESIAN_POINT( '', ( 24.0000000000000, 2.72004145411792, 2.79510056860762 ) );
#2692 = AXIS2_PLACEMENT_3D( '', #3168, #3169, #3170 );
#2693 = CARTESIAN_POINT( '', ( 24.0000000000000, 3.59000000000000, 1.33000000000000 ) );
#2694 = AXIS2_PLACEMENT_3D( '', #3171, #3172, #3173 );
#2695 = CARTESIAN_POINT( '', ( 24.0000000000000, 3.59000000000000, -1.33000000000000 ) );
#2696 = AXIS2_PLACEMENT_3D( '', #3174, #3175, #3176 );
#2697 = CARTESIAN_POINT( '', ( 24.0000000000000, 2.72004145411792, -2.79510056860762 ) );
#2698 = AXIS2_PLACEMENT_3D( '', #3177, #3178, #3179 );
#2699 = CARTESIAN_POINT( '', ( 24.0000000000000, 2.59808783242064, -2.85979348585711 ) );
#2700 = AXIS2_PLACEMENT_3D( '', #3180, #3181, #3182 );
#2701 = CARTESIAN_POINT( '', ( 24.0000000000000, 0.553976461481190, -3.13817441186054 ) );
#2702 = CARTESIAN_POINT( '', ( 24.0000000000000, 0.553976461481190, -3.13817441186054 ) );
#2703 = VECTOR( '', #3183, 1000.00000000000 );
#2704 = CARTESIAN_POINT( '', ( 24.0000000000000, 0.100000000000000, -2.74183296612723 ) );
#2705 = AXIS2_PLACEMENT_3D( '', #3184, #3185, #3186 );
#2706 = CARTESIAN_POINT( '', ( 24.0000000000000, 0.100000000000000, -2.20000000000000 ) );
#2707 = CARTESIAN_POINT( '', ( 24.0000000000000, 0.100000000000000, 2.74183296612723 ) );
#2708 = VECTOR( '', #3187, 1000.00000000000 );
#2709 = CARTESIAN_POINT( '', ( 24.0000000000000, 0.000000000000000, -2.20000000000000 ) );
#2710 = VECTOR( '', #3188, 1000.00000000000 );
#2711 = CARTESIAN_POINT( '', ( 1.00000000000000, 2.59808783242064, 2.85979348585711 ) );
#2712 = CARTESIAN_POINT( '', ( 1.00000000000000, 2.59808783242064, 2.85979348585711 ) );
#2713 = VECTOR( '', #3189, 1000.00000000000 );
#2714 = CARTESIAN_POINT( '', ( 1.00000000000000, 2.72004145411792, 2.79510056860762 ) );
#2715 = AXIS2_PLACEMENT_3D( '', #3190, #3191, #3192 );
#2716 = CARTESIAN_POINT( '', ( 1.00000000000000, 2.72004145411792, 2.79510056860762 ) );
#2717 = VECTOR( '', #3193, 1000.00000000000 );
#2718 = CARTESIAN_POINT( '', ( 20.0000000000000, 2.70000000000000, -1.30000000000000 ) );
#2719 = AXIS2_PLACEMENT_3D( '', #3194, #3195, #3196 );
#2720 = CARTESIAN_POINT( '', ( 5.00000000000000, 2.70000000000000, -1.30000000000000 ) );
#2721 = AXIS2_PLACEMENT_3D( '', #3197, #3198, #3199 );
#2722 = CARTESIAN_POINT( '', ( 20.1500000000000, 2.70000000000000, -2.20000000000000 ) );
#2723 = CARTESIAN_POINT( '', ( 24.0000000000000, 2.70000000000000, -2.20000000000000 ) );
#2724 = VECTOR( '', #3200, 1000.00000000000 );
#2725 = CARTESIAN_POINT( '', ( 20.1500000000000, 2.70000000000000, -2.11754446796633 ) );
#2726 = CARTESIAN_POINT( '', ( 20.1500000000000, 2.70000000000000, -2.20000000000000 ) );
#2727 = VECTOR( '', #3201, 1000.00000000000 );
#2728 = CARTESIAN_POINT( '', ( 4.85000000000000, 2.70000000000000, -2.11754446796633 ) );
#2729 = CARTESIAN_POINT( '', ( 20.1500000000000, 2.70000000000000, -2.11754446796633 ) );
#2730 = VECTOR( '', #3202, 1000.00000000000 );
#2731 = CARTESIAN_POINT( '', ( 4.85000000000000, 2.70000000000000, -2.20000000000000 ) );
#2732 = CARTESIAN_POINT( '', ( 4.85000000000000, 2.70000000000000, -2.20000000000000 ) );
#2733 = VECTOR( '', #3203, 1000.00000000000 );
#2734 = CARTESIAN_POINT( '', ( 1.00000000000000, 2.70000000000000, -2.20000000000000 ) );
#2735 = CARTESIAN_POINT( '', ( 24.0000000000000, 2.70000000000000, -2.20000000000000 ) );
#2736 = VECTOR( '', #3204, 1000.00000000000 );
#2737 = CARTESIAN_POINT( '', ( 1.00000000000000, 2.70000000000000, 2.20000000000000 ) );
#2738 = CARTESIAN_POINT( '', ( 1.00000000000000, 2.70000000000000, -2.20000000000000 ) );
#2739 = VECTOR( '', #3205, 1000.00000000000 );
#2740 = CARTESIAN_POINT( '', ( 4.85000000000000, 2.70000000000000, 2.20000000000000 ) );
#2741 = CARTESIAN_POINT( '', ( 24.0000000000000, 2.70000000000000, 2.20000000000000 ) );
#2742 = VECTOR( '', #3206, 1000.00000000000 );
#2743 = CARTESIAN_POINT( '', ( 4.85000000000000, 2.70000000000000, 2.11754446796632 ) );
#2744 = CARTESIAN_POINT( '', ( 4.85000000000000, 2.70000000000000, -2.20000000000000 ) );
#2745 = VECTOR( '', #3207, 1000.00000000000 );
#2746 = CARTESIAN_POINT( '', ( 20.1500000000000, 2.70000000000000, 2.11754446796632 ) );
#2747 = CARTESIAN_POINT( '', ( 20.1500000000000, 2.70000000000000, 2.11754446796632 ) );
#2748 = VECTOR( '', #3208, 1000.00000000000 );
#2749 = CARTESIAN_POINT( '', ( 20.1500000000000, 2.70000000000000, 2.20000000000000 ) );
#2750 = CARTESIAN_POINT( '', ( 20.1500000000000, 2.70000000000000, -2.20000000000000 ) );
#2751 = VECTOR( '', #3209, 1000.00000000000 );
#2752 = CARTESIAN_POINT( '', ( 24.0000000000000, 2.70000000000000, 2.20000000000000 ) );
#2753 = VECTOR( '', #3210, 1000.00000000000 );
#2754 = CARTESIAN_POINT( '', ( 20.1500000000000, 0.847372055837118, 2.20000000000000 ) );
#2755 = CARTESIAN_POINT( '', ( 20.1500000000000, 2.70000000000000, 2.20000000000000 ) );
#2756 = VECTOR( '', #3211, 1000.00000000000 );
#2757 = CARTESIAN_POINT( '', ( 4.85000000000000, 0.847372055837118, 2.20000000000000 ) );
#2758 = CARTESIAN_POINT( '', ( 20.1500000000000, 0.847372055837118, 2.20000000000000 ) );
#2759 = VECTOR( '', #3212, 1000.00000000000 );
#2760 = CARTESIAN_POINT( '', ( 4.85000000000000, 2.70000000000000, 2.20000000000000 ) );
#2761 = VECTOR( '', #3213, 1000.00000000000 );
#2762 = CARTESIAN_POINT( '', ( 1.00000000000000, 0.100000000000000, 2.20000000000000 ) );
#2763 = CARTESIAN_POINT( '', ( 1.00000000000000, 2.70000000000000, 2.20000000000000 ) );
#2764 = VECTOR( '', #3214, 1000.00000000000 );
#2765 = CARTESIAN_POINT( '', ( 1.00000000000000, 4.33680868994202E-16, 2.20000000000000 ) );
#2766 = CARTESIAN_POINT( '', ( 1.00000000000000, 2.70000000000000, 2.20000000000000 ) );
#2767 = VECTOR( '', #3215, 1000.00000000000 );
#2768 = CARTESIAN_POINT( '', ( 24.0000000000000, 4.33680868994202E-16, 2.20000000000000 ) );
#2769 = CARTESIAN_POINT( '', ( 24.0000000000000, 4.33680868994202E-16, 2.20000000000000 ) );
#2770 = VECTOR( '', #3216, 1000.00000000000 );
#2771 = CARTESIAN_POINT( '', ( 24.0000000000000, 2.70000000000000, 2.20000000000000 ) );
#2772 = VECTOR( '', #3217, 1000.00000000000 );
#2773 = CARTESIAN_POINT( '', ( 5.00000000000000, 2.45650000000000, -1.05650000000000 ) );
#2774 = AXIS2_PLACEMENT_3D( '', #3218, #3219, #3220 );
#2775 = CARTESIAN_POINT( '', ( 5.00000000000000, 0.243500000000000, -1.05650000000000 ) );
#2776 = AXIS2_PLACEMENT_3D( '', #3221, #3222, #3223 );
#2777 = CARTESIAN_POINT( '', ( 25.0000000000000, 2.59808783242064, 2.85979348585711 ) );
#2778 = CARTESIAN_POINT( '', ( 25.0000000000000, 0.553976461481190, 3.13817441186054 ) );
#2779 = CARTESIAN_POINT( '', ( 25.0000000000000, 2.59808783242064, 2.85979348585711 ) );
#2780 = VECTOR( '', #3224, 1000.00000000000 );
#2781 = CARTESIAN_POINT( '', ( 25.0000000000000, 0.0999999999999997, 2.74183296612723 ) );
#2782 = AXIS2_PLACEMENT_3D( '', #3225, #3226, #3227 );
#2783 = CARTESIAN_POINT( '', ( 25.0000000000000, 0.100000000000000, -2.74183296612723 ) );
#2784 = CARTESIAN_POINT( '', ( 25.0000000000000, 0.100000000000000, 2.74183296612723 ) );
#2785 = VECTOR( '', #3228, 1000.00000000000 );
#2786 = CARTESIAN_POINT( '', ( 25.0000000000000, 0.553976461481190, -3.13817441186054 ) );
#2787 = AXIS2_PLACEMENT_3D( '', #3229, #3230, #3231 );
#2788 = CARTESIAN_POINT( '', ( 25.0000000000000, 2.59808783242064, -2.85979348585711 ) );
#2789 = CARTESIAN_POINT( '', ( 25.0000000000000, 0.553976461481190, -3.13817441186054 ) );
#2790 = VECTOR( '', #3232, 1000.00000000000 );
#2791 = CARTESIAN_POINT( '', ( 25.0000000000000, 2.72004145411792, -2.79510056860762 ) );
#2792 = AXIS2_PLACEMENT_3D( '', #3233, #3234, #3235 );
#2793 = CARTESIAN_POINT( '', ( 25.0000000000000, 3.59000000000000, -1.33000000000000 ) );
#2794 = AXIS2_PLACEMENT_3D( '', #3236, #3237, #3238 );
#2795 = CARTESIAN_POINT( '', ( 25.0000000000000, 3.59000000000000, 1.33000000000000 ) );
#2796 = AXIS2_PLACEMENT_3D( '', #3239, #3240, #3241 );
#2797 = CARTESIAN_POINT( '', ( 25.0000000000000, 2.72004145411792, 2.79510056860762 ) );
#2798 = AXIS2_PLACEMENT_3D( '', #3242, #3243, #3244 );
#2799 = AXIS2_PLACEMENT_3D( '', #3245, #3246, #3247 );
#2800 = CARTESIAN_POINT( '', ( 25.0000000000000, 2.59808783242064, 2.85979348585711 ) );
#2801 = VECTOR( '', #3248, 1000.00000000000 );
#2802 = CARTESIAN_POINT( '', ( 25.0000000000000, 2.72004145411792, 2.79510056860762 ) );
#2803 = VECTOR( '', #3249, 1000.00000000000 );
#2804 = CARTESIAN_POINT( '', ( 25.0000000000000, 3.59000000000000, 1.33000000000000 ) );
#2805 = VECTOR( '', #3250, 1000.00000000000 );
#2806 = CARTESIAN_POINT( '', ( 25.0000000000000, 3.59000000000000, -1.33000000000000 ) );
#2807 = VECTOR( '', #3251, 1000.00000000000 );
#2808 = CARTESIAN_POINT( '', ( 25.0000000000000, 2.72004145411792, -2.79510056860762 ) );
#2809 = VECTOR( '', #3252, 1000.00000000000 );
#2810 = CARTESIAN_POINT( '', ( 25.0000000000000, 2.59808783242064, -2.85979348585711 ) );
#2811 = VECTOR( '', #3253, 1000.00000000000 );
#2812 = CARTESIAN_POINT( '', ( 25.0000000000000, 0.553976461481190, -3.13817441186054 ) );
#2813 = VECTOR( '', #3254, 1000.00000000000 );
#2814 = CARTESIAN_POINT( '', ( 25.0000000000000, 0.100000000000000, -2.74183296612723 ) );
#2815 = VECTOR( '', #3255, 1000.00000000000 );
#2816 = CARTESIAN_POINT( '', ( 24.0000000000000, 0.100000000000000, 2.74183296612723 ) );
#2817 = VECTOR( '', #3256, 1000.00000000000 );
#2818 = CARTESIAN_POINT( '', ( 25.0000000000000, 0.0999999999999997, 2.74183296612723 ) );
#2819 = VECTOR( '', #3257, 1000.00000000000 );
#2820 = CARTESIAN_POINT( '', ( 25.0000000000000, 0.553976461481190, 3.13817441186054 ) );
#2821 = VECTOR( '', #3258, 1000.00000000000 );
#2822 = CARTESIAN_POINT( '', ( 1.00000000000000, 0.0999999999999998, -2.20000000000000 ) );
#2823 = CARTESIAN_POINT( '', ( 1.00000000000000, 0.000000000000000, -2.20000000000000 ) );
#2824 = VECTOR( '', #3259, 1000.00000000000 );
#2825 = CARTESIAN_POINT( '', ( 1.00000000000000, 0.100000000000000, -2.74183296612723 ) );
#2826 = CARTESIAN_POINT( '', ( 1.00000000000000, 0.100000000000000, 2.74183296612723 ) );
#2827 = VECTOR( '', #3260, 1000.00000000000 );
#2828 = CARTESIAN_POINT( '', ( 1.00000000000000, 0.553976461481190, -3.13817441186054 ) );
#2829 = AXIS2_PLACEMENT_3D( '', #3261, #3262, #3263 );
#2830 = CARTESIAN_POINT( '', ( 1.00000000000000, 2.59808783242064, -2.85979348585711 ) );
#2831 = CARTESIAN_POINT( '', ( 1.00000000000000, 0.553976461481190, -3.13817441186054 ) );
#2832 = VECTOR( '', #3264, 1000.00000000000 );
#2833 = CARTESIAN_POINT( '', ( 1.00000000000000, 2.72004145411792, -2.79510056860762 ) );
#2834 = AXIS2_PLACEMENT_3D( '', #3265, #3266, #3267 );
#2835 = CARTESIAN_POINT( '', ( 1.00000000000000, 3.59000000000000, -1.33000000000000 ) );
#2836 = AXIS2_PLACEMENT_3D( '', #3268, #3269, #3270 );
#2837 = CARTESIAN_POINT( '', ( 1.00000000000000, 3.59000000000000, 1.33000000000000 ) );
#2838 = AXIS2_PLACEMENT_3D( '', #3271, #3272, #3273 );
#2839 = AXIS2_PLACEMENT_3D( '', #3274, #3275, #3276 );
#2840 = CARTESIAN_POINT( '', ( 1.00000000000000, 0.553976461481190, 3.13817441186054 ) );
#2841 = CARTESIAN_POINT( '', ( 1.00000000000000, 2.59808783242064, 2.85979348585711 ) );
#2842 = VECTOR( '', #3277, 1000.00000000000 );
#2843 = CARTESIAN_POINT( '', ( 1.00000000000000, 0.0999999999999997, 2.74183296612723 ) );
#2844 = AXIS2_PLACEMENT_3D( '', #3278, #3279, #3280 );
#2845 = CARTESIAN_POINT( '', ( 1.00000000000000, 0.100000000000000, 2.74183296612723 ) );
#2846 = VECTOR( '', #3281, 1000.00000000000 );
#2847 = CARTESIAN_POINT( '', ( 1.00000000000000, 0.553976461481190, 3.13817441186054 ) );
#2848 = VECTOR( '', #3282, 1000.00000000000 );
#2849 = CARTESIAN_POINT( '', ( 1.00000000000000, 0.100000000000000, 2.74183296612723 ) );
#2850 = VECTOR( '', #3283, 1000.00000000000 );
#2851 = CARTESIAN_POINT( '', ( 1.00000000000000, 0.000000000000000, -2.20000000000000 ) );
#2852 = CARTESIAN_POINT( '', ( 1.00000000000000, 0.000000000000000, -2.20000000000000 ) );
#2853 = VECTOR( '', #3284, 1000.00000000000 );
#2854 = CARTESIAN_POINT( '', ( 1.00000000000000, 0.000000000000000, 2.20000000000000 ) );
#2855 = VECTOR( '', #3285, 1000.00000000000 );
#2856 = CARTESIAN_POINT( '', ( 24.0000000000000, 0.000000000000000, -2.20000000000000 ) );
#2857 = CARTESIAN_POINT( '', ( 24.0000000000000, 0.000000000000000, 2.20000000000000 ) );
#2858 = VECTOR( '', #3286, 1000.00000000000 );
#2859 = CARTESIAN_POINT( '', ( 24.0000000000000, 0.000000000000000, -2.20000000000000 ) );
#2860 = VECTOR( '', #3287, 1000.00000000000 );
#2861 = CARTESIAN_POINT( '', ( 20.1500000000000, 0.847372055837112, -2.20000000000000 ) );
#2862 = CARTESIAN_POINT( '', ( 4.85000000000000, 0.847372055837112, -2.20000000000000 ) );
#2863 = CARTESIAN_POINT( '', ( 20.1500000000000, 0.847372055837112, -2.20000000000000 ) );
#2864 = VECTOR( '', #3288, 1000.00000000000 );
#2865 = CARTESIAN_POINT( '', ( 20.1500000000000, 0.000000000000000, -2.20000000000000 ) );
#2866 = VECTOR( '', #3289, 1000.00000000000 );
#2867 = CARTESIAN_POINT( '', ( 24.0000000000000, 0.000000000000000, -2.20000000000000 ) );
#2868 = VECTOR( '', #3290, 1000.00000000000 );
#2869 = CARTESIAN_POINT( '', ( 4.85000000000000, 0.000000000000000, -2.20000000000000 ) );
#2870 = VECTOR( '', #3291, 1000.00000000000 );
#2871 = CARTESIAN_POINT( '', ( 20.0000000000000, 0.000000000000000, -1.30000000000000 ) );
#2872 = AXIS2_PLACEMENT_3D( '', #3292, #3293, #3294 );
#2873 = CARTESIAN_POINT( '', ( 5.00000000000000, 0.000000000000000, -1.30000000000000 ) );
#2874 = AXIS2_PLACEMENT_3D( '', #3295, #3296, #3297 );
#2875 = AXIS2_PLACEMENT_3D( '', #3298, #3299, #3300 );
#2876 = AXIS2_PLACEMENT_3D( '', #3301, #3302, #3303 );
#2877 = AXIS2_PLACEMENT_3D( '', #3304, #3305, #3306 );
#2878 = AXIS2_PLACEMENT_3D( '', #3307, #3308, #3309 );
#2879 = CARTESIAN_POINT( '', ( 20.0000000000000, 0.243500000000000, -1.05650000000000 ) );
#2880 = AXIS2_PLACEMENT_3D( '', #3310, #3311, #3312 );
#2881 = CARTESIAN_POINT( '', ( 20.0000000000000, 2.45650000000000, -1.05650000000000 ) );
#2882 = AXIS2_PLACEMENT_3D( '', #3313, #3314, #3315 );
#2883 = CARTESIAN_POINT( '', ( 1.00000000000000, 0.0999999999999997, 2.74183296612723 ) );
#2884 = VECTOR( '', #3316, 1000.00000000000 );
#2885 = CARTESIAN_POINT( '', ( 1.00000000000000, 0.100000000000000, -2.74183296612723 ) );
#2886 = VECTOR( '', #3317, 1000.00000000000 );
#2887 = CARTESIAN_POINT( '', ( 1.00000000000000, 0.553976461481190, -3.13817441186054 ) );
#2888 = VECTOR( '', #3318, 1000.00000000000 );
#2889 = CARTESIAN_POINT( '', ( 1.00000000000000, 2.59808783242064, -2.85979348585711 ) );
#2890 = VECTOR( '', #3319, 1000.00000000000 );
#2891 = CARTESIAN_POINT( '', ( 1.00000000000000, 2.72004145411792, -2.79510056860762 ) );
#2892 = VECTOR( '', #3320, 1000.00000000000 );
#2893 = CARTESIAN_POINT( '', ( 1.00000000000000, 3.59000000000000, -1.33000000000000 ) );
#2894 = VECTOR( '', #3321, 1000.00000000000 );
#2895 = CARTESIAN_POINT( '', ( 1.00000000000000, 3.59000000000000, 1.33000000000000 ) );
#2896 = VECTOR( '', #3322, 1000.00000000000 );
#2897 = CARTESIAN_POINT( '', ( 20.1500000000000, -4.20000000000001, 3.35000000000000 ) );
#2898 = DIRECTION( '', ( 1.00000000000000, 0.000000000000000, 0.000000000000000 ) );
#2899 = DIRECTION( '', ( 0.000000000000000, 0.000000000000000, -1.00000000000000 ) );
#2900 = DIRECTION( '', ( 0.000000000000000, 1.00000000000000, 0.000000000000000 ) );
#2901 = DIRECTION( '', ( 0.000000000000000, 1.00000000000000, 0.000000000000000 ) );
#2902 = CARTESIAN_POINT( '', ( 4.85000000000000, -4.20000000000001, 3.35000000000000 ) );
#2903 = DIRECTION( '', ( 1.00000000000000, 0.000000000000000, 0.000000000000000 ) );
#2904 = DIRECTION( '', ( 0.000000000000000, 0.000000000000000, -1.00000000000000 ) );
#2905 = DIRECTION( '', ( -1.00000000000000, -0.000000000000000, -0.000000000000000 ) );
#2906 = DIRECTION( '', ( -1.00000000000000, -0.000000000000000, -0.000000000000000 ) );
#2907 = DIRECTION( '', ( 0.000000000000000, -1.00000000000000, 0.000000000000000 ) );
#2908 = DIRECTION( '', ( 1.00000000000000, 0.000000000000000, 0.000000000000000 ) );
#2909 = DIRECTION( '', ( 0.000000000000000, -1.00000000000000, 0.000000000000000 ) );
#2910 = DIRECTION( '', ( -1.00000000000000, -0.000000000000000, -0.000000000000000 ) );
#2911 = DIRECTION( '', ( 0.000000000000000, 1.00000000000000, 0.000000000000000 ) );
#2912 = DIRECTION( '', ( -1.00000000000000, -0.000000000000000, -0.000000000000000 ) );
#2913 = DIRECTION( '', ( 0.000000000000000, 1.00000000000000, 0.000000000000000 ) );
#2914 = DIRECTION( '', ( -1.00000000000000, -0.000000000000000, -0.000000000000000 ) );
#2915 = DIRECTION( '', ( 0.000000000000000, -1.00000000000000, 0.000000000000000 ) );
#2916 = DIRECTION( '', ( -1.00000000000000, -0.000000000000000, -0.000000000000000 ) );
#2917 = DIRECTION( '', ( 0.000000000000000, -1.00000000000000, 0.000000000000000 ) );
#2918 = DIRECTION( '', ( -1.00000000000000, -0.000000000000000, -0.000000000000000 ) );
#2919 = DIRECTION( '', ( -1.00000000000000, -0.000000000000000, -0.000000000000000 ) );
#2920 = CARTESIAN_POINT( '', ( 23.9800000000000, -2.30000000000000, 2.70000000000000 ) );
#2921 = DIRECTION( '', ( 1.00000000000000, 0.000000000000000, 0.000000000000000 ) );
#2922 = DIRECTION( '', ( 0.000000000000000, 0.000000000000000, -1.00000000000000 ) );
#2923 = CARTESIAN_POINT( '', ( 1.02000000000000, -2.30000000000000, 2.70000000000000 ) );
#2924 = DIRECTION( '', ( 1.00000000000000, 0.000000000000000, 0.000000000000000 ) );
#2925 = DIRECTION( '', ( 0.000000000000000, 0.000000000000000, -1.00000000000000 ) );
#2926 = DIRECTION( '', ( 0.000000000000000, 0.000000000000000, -1.00000000000000 ) );
#2927 = DIRECTION( '', ( 0.000000000000000, 0.000000000000000, -1.00000000000000 ) );
#2928 = DIRECTION( '', ( -1.00000000000000, -0.000000000000000, -0.000000000000000 ) );
#2929 = DIRECTION( '', ( 0.000000000000000, -1.00000000000000, 0.000000000000000 ) );
#2930 = DIRECTION( '', ( 0.000000000000000, -1.00000000000000, 0.000000000000000 ) );
#2931 = DIRECTION( '', ( -1.00000000000000, -0.000000000000000, -0.000000000000000 ) );
#2932 = CARTESIAN_POINT( '', ( 0.000000000000000, -2.57000000000000, 2.43000000000000 ) );
#2933 = DIRECTION( '', ( 1.00000000000000, 0.000000000000000, 0.000000000000000 ) );
#2934 = DIRECTION( '', ( 0.000000000000000, 0.000000000000000, -1.00000000000000 ) );
#2935 = CARTESIAN_POINT( '', ( 25.0000000000000, -2.57000000000000, 2.43000000000000 ) );
#2936 = DIRECTION( '', ( 1.00000000000000, 0.000000000000000, 0.000000000000000 ) );
#2937 = DIRECTION( '', ( 0.000000000000000, 0.000000000000000, -1.00000000000000 ) );
#2938 = DIRECTION( '', ( -1.00000000000000, -0.000000000000000, -0.000000000000000 ) );
#2939 = DIRECTION( '', ( 0.000000000000000, 0.996602327769246, -0.0823638287412602 ) );
#2940 = DIRECTION( '', ( 1.00000000000000, 0.000000000000000, 0.000000000000000 ) );
#2941 = DIRECTION( '', ( 0.000000000000000, 0.996602327769246, -0.0823638287412602 ) );
#2942 = DIRECTION( '', ( 1.00000000000000, 0.000000000000000, 0.000000000000000 ) );
#2943 = CARTESIAN_POINT( '', ( 24.9800000000000, -3.37278091097996, 2.79456860438680 ) );
#2944 = DIRECTION( '', ( 1.00000000000000, 0.000000000000000, 0.000000000000000 ) );
#2945 = DIRECTION( '', ( 0.000000000000000, 0.000000000000000, -1.00000000000000 ) );
#2946 = CARTESIAN_POINT( '', ( 23.9800000000000, -3.37278091097996, 2.79456860438680 ) );
#2947 = DIRECTION( '', ( 1.00000000000000, 0.000000000000000, 0.000000000000000 ) );
#2948 = DIRECTION( '', ( 0.000000000000000, 0.000000000000000, -1.00000000000000 ) );
#2949 = DIRECTION( '', ( 1.00000000000000, 0.000000000000000, 0.000000000000000 ) );
#2950 = DIRECTION( '', ( 0.000000000000000, 0.000000000000000, -1.00000000000000 ) );
#2951 = DIRECTION( '', ( 0.000000000000000, 0.000000000000000, -1.00000000000000 ) );
#2952 = DIRECTION( '', ( 0.000000000000000, 0.000000000000000, -1.00000000000000 ) );
#2953 = DIRECTION( '', ( 0.000000000000000, 0.996602327769246, -0.0823638287412602 ) );
#2954 = CARTESIAN_POINT( '', ( 1.02000000000000, -3.37278091097996, 2.79456860438680 ) );
#2955 = DIRECTION( '', ( 1.00000000000000, 0.000000000000000, 0.000000000000000 ) );
#2956 = DIRECTION( '', ( 0.000000000000000, 0.000000000000000, -1.00000000000000 ) );
#2957 = CARTESIAN_POINT( '', ( 1.02000000000000, -6.64086694341172, 1.08420217248550E-15 ) );
#2958 = DIRECTION( '', ( 1.00000000000000, 0.000000000000000, 0.000000000000000 ) );
#2959 = DIRECTION( '', ( 0.000000000000000, 0.000000000000000, -1.00000000000000 ) );
#2960 = CARTESIAN_POINT( '', ( 1.02000000000000, -3.37278091097995, -2.79456860438681 ) );
#2961 = DIRECTION( '', ( 1.00000000000000, 0.000000000000000, 0.000000000000000 ) );
#2962 = DIRECTION( '', ( 0.000000000000000, 0.000000000000000, -1.00000000000000 ) );
#2963 = DIRECTION( '', ( 0.000000000000000, -0.996602327769246, -0.0823638287412602 ) );
#2964 = DIRECTION( '', ( 0.000000000000000, 0.000000000000000, -1.00000000000000 ) );
#2965 = DIRECTION( '', ( 0.000000000000000, 1.00000000000000, 0.000000000000000 ) );
#2966 = CARTESIAN_POINT( '', ( 1.02000000000000, -2.30000000000000, -2.70000000000000 ) );
#2967 = DIRECTION( '', ( 1.00000000000000, 0.000000000000000, 0.000000000000000 ) );
#2968 = DIRECTION( '', ( 0.000000000000000, 0.000000000000000, -1.00000000000000 ) );
#2969 = DIRECTION( '', ( 0.000000000000000, 0.000000000000000, 1.00000000000000 ) );
#2970 = CARTESIAN_POINT( '', ( 0.0200000000000000, -2.30000000000000, 2.70000000000000 ) );
#2971 = DIRECTION( '', ( 1.00000000000000, 0.000000000000000, 0.000000000000000 ) );
#2972 = DIRECTION( '', ( 0.000000000000000, 0.000000000000000, -1.00000000000000 ) );
#2973 = DIRECTION( '', ( 0.000000000000000, 0.000000000000000, 1.00000000000000 ) );
#2974 = CARTESIAN_POINT( '', ( 0.0200000000000000, -2.30000000000000, -2.70000000000000 ) );
#2975 = DIRECTION( '', ( 1.00000000000000, 0.000000000000000, 0.000000000000000 ) );
#2976 = DIRECTION( '', ( 0.000000000000000, 0.000000000000000, -1.00000000000000 ) );
#2977 = DIRECTION( '', ( 0.000000000000000, 1.00000000000000, 0.000000000000000 ) );
#2978 = DIRECTION( '', ( 0.000000000000000, 0.000000000000000, -1.00000000000000 ) );
#2979 = DIRECTION( '', ( 0.000000000000000, -0.996602327769246, -0.0823638287412602 ) );
#2980 = CARTESIAN_POINT( '', ( 0.0200000000000000, -3.37278091097995, -2.79456860438681 ) );
#2981 = DIRECTION( '', ( 1.00000000000000, 0.000000000000000, 0.000000000000000 ) );
#2982 = DIRECTION( '', ( 0.000000000000000, 0.000000000000000, -1.00000000000000 ) );
#2983 = CARTESIAN_POINT( '', ( 0.0200000000000000, -6.64086694341172, 1.08420217248550E-15 ) );
#2984 = DIRECTION( '', ( 1.00000000000000, 0.000000000000000, 0.000000000000000 ) );
#2985 = DIRECTION( '', ( 0.000000000000000, 0.000000000000000, -1.00000000000000 ) );
#2986 = CARTESIAN_POINT( '', ( 0.0200000000000000, -3.37278091097996, 2.79456860438680 ) );
#2987 = DIRECTION( '', ( 1.00000000000000, 0.000000000000000, 0.000000000000000 ) );
#2988 = DIRECTION( '', ( 0.000000000000000, 0.000000000000000, -1.00000000000000 ) );
#2989 = DIRECTION( '', ( 0.000000000000000, 0.996602327769246, -0.0823638287412602 ) );
#2990 = DIRECTION( '', ( 0.000000000000000, 0.000000000000000, -1.00000000000000 ) );
#2991 = DIRECTION( '', ( -1.00000000000000, -0.000000000000000, -0.000000000000000 ) );
#2992 = DIRECTION( '', ( -1.00000000000000, -0.000000000000000, -0.000000000000000 ) );
#2993 = DIRECTION( '', ( -1.00000000000000, -0.000000000000000, -0.000000000000000 ) );
#2994 = DIRECTION( '', ( -1.00000000000000, -0.000000000000000, -0.000000000000000 ) );
#2995 = DIRECTION( '', ( -1.00000000000000, -0.000000000000000, -0.000000000000000 ) );
#2996 = DIRECTION( '', ( -1.00000000000000, -0.000000000000000, -0.000000000000000 ) );
#2997 = DIRECTION( '', ( -1.00000000000000, -0.000000000000000, -0.000000000000000 ) );
#2998 = CARTESIAN_POINT( '', ( 25.0000000000000, -2.30000000000000, 2.70000000000000 ) );
#2999 = DIRECTION( '', ( 1.00000000000000, 0.000000000000000, 0.000000000000000 ) );
#3000 = DIRECTION( '', ( 0.000000000000000, 0.000000000000000, -1.00000000000000 ) );
#3001 = DIRECTION( '', ( 0.000000000000000, 0.000000000000000, -1.00000000000000 ) );
#3002 = CARTESIAN_POINT( '', ( 25.0000000000000, -2.30000000000000, -2.70000000000000 ) );
#3003 = DIRECTION( '', ( 1.00000000000000, 0.000000000000000, 0.000000000000000 ) );
#3004 = DIRECTION( '', ( 0.000000000000000, 0.000000000000000, -1.00000000000000 ) );
#3005 = DIRECTION( '', ( 0.000000000000000, -1.00000000000000, 0.000000000000000 ) );
#3006 = DIRECTION( '', ( 0.000000000000000, 0.000000000000000, -1.00000000000000 ) );
#3007 = DIRECTION( '', ( 0.000000000000000, 1.00000000000000, 0.000000000000000 ) );
#3008 = CARTESIAN_POINT( '', ( 25.0000000000000, -2.57000000000000, -2.43000000000000 ) );
#3009 = DIRECTION( '', ( 1.00000000000000, 0.000000000000000, 0.000000000000000 ) );
#3010 = DIRECTION( '', ( 0.000000000000000, 0.000000000000000, -1.00000000000000 ) );
#3011 = DIRECTION( '', ( 0.000000000000000, 0.000000000000000, 1.00000000000000 ) );
#3012 = DIRECTION( '', ( 0.000000000000000, 0.000000000000000, 1.00000000000000 ) );
#3013 = CARTESIAN_POINT( '', ( 0.000000000000000, -2.57000000000000, -2.43000000000000 ) );
#3014 = DIRECTION( '', ( 1.00000000000000, 0.000000000000000, 0.000000000000000 ) );
#3015 = DIRECTION( '', ( 0.000000000000000, 0.000000000000000, -1.00000000000000 ) );
#3016 = DIRECTION( '', ( 0.000000000000000, 1.00000000000000, 0.000000000000000 ) );
#3017 = DIRECTION( '', ( 0.000000000000000, 0.000000000000000, -1.00000000000000 ) );
#3018 = DIRECTION( '', ( 0.000000000000000, -1.00000000000000, 0.000000000000000 ) );
#3019 = CARTESIAN_POINT( '', ( 0.000000000000000, -2.30000000000000, -2.70000000000000 ) );
#3020 = DIRECTION( '', ( 1.00000000000000, 0.000000000000000, 0.000000000000000 ) );
#3021 = DIRECTION( '', ( 0.000000000000000, 0.000000000000000, -1.00000000000000 ) );
#3022 = DIRECTION( '', ( 0.000000000000000, 0.000000000000000, -1.00000000000000 ) );
#3023 = CARTESIAN_POINT( '', ( 0.000000000000000, -2.30000000000000, 2.70000000000000 ) );
#3024 = DIRECTION( '', ( 1.00000000000000, 0.000000000000000, 0.000000000000000 ) );
#3025 = DIRECTION( '', ( 0.000000000000000, 0.000000000000000, -1.00000000000000 ) );
#3026 = CARTESIAN_POINT( '', ( 20.0000000000000, 0.000000000000000, 0.000000000000000 ) );
#3027 = DIRECTION( '', ( 0.000000000000000, -1.00000000000000, -0.000000000000000 ) );
#3028 = DIRECTION( '', ( 0.000000000000000, 0.000000000000000, -1.00000000000000 ) );
#3029 = CARTESIAN_POINT( '', ( 5.00000000000000, 0.000000000000000, 0.000000000000000 ) );
#3030 = DIRECTION( '', ( 0.000000000000000, -1.00000000000000, -0.000000000000000 ) );
#3031 = DIRECTION( '', ( 0.000000000000000, 0.000000000000000, -1.00000000000000 ) );
#3032 = DIRECTION( '', ( -1.00000000000000, -0.000000000000000, -0.000000000000000 ) );
#3033 = DIRECTION( '', ( -1.00000000000000, -0.000000000000000, -0.000000000000000 ) );
#3034 = DIRECTION( '', ( -1.00000000000000, -0.000000000000000, -0.000000000000000 ) );
#3035 = DIRECTION( '', ( -1.00000000000000, -0.000000000000000, -0.000000000000000 ) );
#3036 = DIRECTION( '', ( -1.00000000000000, -0.000000000000000, -0.000000000000000 ) );
#3037 = DIRECTION( '', ( 0.000000000000000, -1.00000000000000, 0.000000000000000 ) );
#3038 = DIRECTION( '', ( -1.00000000000000, -0.000000000000000, -0.000000000000000 ) );
#3039 = DIRECTION( '', ( 0.000000000000000, -1.00000000000000, 0.000000000000000 ) );
#3040 = DIRECTION( '', ( 0.000000000000000, 1.00000000000000, 0.000000000000000 ) );
#3041 = DIRECTION( '', ( -1.00000000000000, -0.000000000000000, -0.000000000000000 ) );
#3042 = DIRECTION( '', ( -1.00000000000000, -0.000000000000000, -0.000000000000000 ) );
#3043 = DIRECTION( '', ( -1.00000000000000, -0.000000000000000, -0.000000000000000 ) );
#3044 = DIRECTION( '', ( 0.000000000000000, 1.00000000000000, 0.000000000000000 ) );
#3045 = DIRECTION( '', ( 1.00000000000000, 0.000000000000000, 0.000000000000000 ) );
#3046 = CARTESIAN_POINT( '', ( 24.9800000000000, -2.30000000000000, -2.70000000000000 ) );
#3047 = DIRECTION( '', ( 1.00000000000000, 0.000000000000000, 0.000000000000000 ) );
#3048 = DIRECTION( '', ( 0.000000000000000, 0.000000000000000, -1.00000000000000 ) );
#3049 = DIRECTION( '', ( -1.00000000000000, -0.000000000000000, -0.000000000000000 ) );
#3050 = DIRECTION( '', ( -1.00000000000000, -0.000000000000000, -0.000000000000000 ) );
#3051 = DIRECTION( '', ( 0.000000000000000, 0.000000000000000, 1.00000000000000 ) );
#3052 = CARTESIAN_POINT( '', ( 24.9800000000000, -2.30000000000000, 2.70000000000000 ) );
#3053 = DIRECTION( '', ( 1.00000000000000, 0.000000000000000, 0.000000000000000 ) );
#3054 = DIRECTION( '', ( 0.000000000000000, 0.000000000000000, -1.00000000000000 ) );
#3055 = CARTESIAN_POINT( '', ( 20.0000000000000, -1.10000000000000, 0.000000000000000 ) );
#3056 = DIRECTION( '', ( 0.000000000000000, -1.00000000000000, -0.000000000000000 ) );
#3057 = DIRECTION( '', ( 0.000000000000000, 0.000000000000000, -1.00000000000000 ) );
#3058 = CARTESIAN_POINT( '', ( 5.00000000000000, -1.10000000000000, 0.000000000000000 ) );
#3059 = DIRECTION( '', ( 0.000000000000000, -1.00000000000000, -0.000000000000000 ) );
#3060 = DIRECTION( '', ( 0.000000000000000, 0.000000000000000, -1.00000000000000 ) );
#3061 = DIRECTION( '', ( 0.000000000000000, 0.000000000000000, 1.00000000000000 ) );
#3062 = DIRECTION( '', ( -1.00000000000000, -0.000000000000000, -0.000000000000000 ) );
#3063 = DIRECTION( '', ( -1.00000000000000, -0.000000000000000, -0.000000000000000 ) );
#3064 = DIRECTION( '', ( -1.00000000000000, -0.000000000000000, -0.000000000000000 ) );
#3065 = CARTESIAN_POINT( '', ( 23.9800000000000, -2.30000000000000, -2.70000000000000 ) );
#3066 = DIRECTION( '', ( 1.00000000000000, 0.000000000000000, 0.000000000000000 ) );
#3067 = DIRECTION( '', ( 0.000000000000000, 0.000000000000000, -1.00000000000000 ) );
#3068 = CARTESIAN_POINT( '', ( 5.00000000000000, -0.856500000000000, 0.000000000000000 ) );
#3069 = DIRECTION( '', ( 0.000000000000000, -1.00000000000000, -0.000000000000000 ) );
#3070 = DIRECTION( '', ( 0.000000000000000, 0.000000000000000, -1.00000000000000 ) );
#3071 = CARTESIAN_POINT( '', ( 5.00000000000000, -0.243500000000000, 0.000000000000000 ) );
#3072 = DIRECTION( '', ( 0.000000000000000, -1.00000000000000, -0.000000000000000 ) );
#3073 = DIRECTION( '', ( 0.000000000000000, 0.000000000000000, -1.00000000000000 ) );
#3074 = CARTESIAN_POINT( '', ( 24.9800000000000, -6.64086694341172, 1.08420217248550E-15 ) );
#3075 = DIRECTION( '', ( 1.00000000000000, 0.000000000000000, 0.000000000000000 ) );
#3076 = DIRECTION( '', ( 0.000000000000000, 0.000000000000000, -1.00000000000000 ) );
#3077 = CARTESIAN_POINT( '', ( 24.9800000000000, -3.37278091097995, -2.79456860438681 ) );
#3078 = DIRECTION( '', ( 1.00000000000000, 0.000000000000000, 0.000000000000000 ) );
#3079 = DIRECTION( '', ( 0.000000000000000, 0.000000000000000, -1.00000000000000 ) );
#3080 = DIRECTION( '', ( 0.000000000000000, -0.996602327769246, -0.0823638287412602 ) );
#3081 = DIRECTION( '', ( 0.000000000000000, 0.000000000000000, -1.00000000000000 ) );
#3082 = DIRECTION( '', ( 0.000000000000000, 0.000000000000000, -1.00000000000000 ) );
#3083 = DIRECTION( '', ( 0.000000000000000, -0.996602327769246, -0.0823638287412602 ) );
#3084 = CARTESIAN_POINT( '', ( 23.9800000000000, -3.37278091097995, -2.79456860438681 ) );
#3085 = DIRECTION( '', ( 1.00000000000000, 0.000000000000000, 0.000000000000000 ) );
#3086 = DIRECTION( '', ( 0.000000000000000, 0.000000000000000, -1.00000000000000 ) );
#3087 = CARTESIAN_POINT( '', ( 23.9800000000000, -6.64086694341172, 1.08420217248550E-15 ) );
#3088 = DIRECTION( '', ( 1.00000000000000, 0.000000000000000, 0.000000000000000 ) );
#3089 = DIRECTION( '', ( 0.000000000000000, 0.000000000000000, -1.00000000000000 ) );
#3090 = DIRECTION( '', ( 1.00000000000000, 0.000000000000000, 0.000000000000000 ) );
#3091 = DIRECTION( '', ( 1.00000000000000, 0.000000000000000, 0.000000000000000 ) );
#3092 = DIRECTION( '', ( 1.00000000000000, 0.000000000000000, 0.000000000000000 ) );
#3093 = CARTESIAN_POINT( '', ( 20.0000000000000, -0.243500000000000, 0.000000000000000 ) );
#3094 = DIRECTION( '', ( 0.000000000000000, -1.00000000000000, -0.000000000000000 ) );
#3095 = DIRECTION( '', ( 0.000000000000000, 0.000000000000000, -1.00000000000000 ) );
#3096 = CARTESIAN_POINT( '', ( 20.0000000000000, -0.856500000000000, 0.000000000000000 ) );
#3097 = DIRECTION( '', ( 0.000000000000000, -1.00000000000000, -0.000000000000000 ) );
#3098 = DIRECTION( '', ( 0.000000000000000, 0.000000000000000, -1.00000000000000 ) );
#3099 = CARTESIAN_POINT( '', ( 20.1500000000000, -4.20000000000000, -3.35000000000000 ) );
#3100 = DIRECTION( '', ( 1.00000000000000, 0.000000000000000, 0.000000000000000 ) );
#3101 = DIRECTION( '', ( 0.000000000000000, 0.000000000000000, -1.00000000000000 ) );
#3102 = CARTESIAN_POINT( '', ( 4.85000000000000, -4.20000000000000, -3.35000000000000 ) );
#3103 = DIRECTION( '', ( 1.00000000000000, 0.000000000000000, 0.000000000000000 ) );
#3104 = DIRECTION( '', ( 0.000000000000000, 0.000000000000000, -1.00000000000000 ) );
#3105 = CARTESIAN_POINT( '', ( 0.000000000000000, 1.08420217248550E-16, 7.58941520739853E-16 ) );
#3106 = DIRECTION( '', ( 1.00000000000000, 0.000000000000000, 0.000000000000000 ) );
#3107 = DIRECTION( '', ( 0.000000000000000, 0.000000000000000, -1.00000000000000 ) );
#3108 = DIRECTION( '', ( -1.00000000000000, -0.000000000000000, -0.000000000000000 ) );
#3109 = CARTESIAN_POINT( '', ( 15.3000000000000, 1.08420217248550E-16, 7.58941520739853E-16 ) );
#3110 = DIRECTION( '', ( 1.00000000000000, 0.000000000000000, 0.000000000000000 ) );
#3111 = DIRECTION( '', ( 0.000000000000000, 0.000000000000000, -1.00000000000000 ) );
#3112 = DIRECTION( '', ( -1.00000000000000, -0.000000000000000, -0.000000000000000 ) );
#3113 = DIRECTION( '', ( 0.000000000000000, -1.00000000000000, 0.000000000000000 ) );
#3114 = DIRECTION( '', ( -1.00000000000000, -0.000000000000000, -0.000000000000000 ) );
#3115 = DIRECTION( '', ( 0.000000000000000, -1.00000000000000, 0.000000000000000 ) );
#3116 = DIRECTION( '', ( 0.000000000000000, -1.00000000000000, 0.000000000000000 ) );
#3117 = DIRECTION( '', ( 0.000000000000000, -1.00000000000000, 0.000000000000000 ) );
#3118 = DIRECTION( '', ( -1.00000000000000, -0.000000000000000, -0.000000000000000 ) );
#3119 = DIRECTION( '', ( 0.000000000000000, 0.000000000000000, -1.00000000000000 ) );
#3120 = DIRECTION( '', ( -1.00000000000000, -0.000000000000000, -0.000000000000000 ) );
#3121 = DIRECTION( '', ( 0.000000000000000, 0.000000000000000, -1.00000000000000 ) );
#3122 = DIRECTION( '', ( 0.000000000000000, 1.00000000000000, 0.000000000000000 ) );
#3123 = DIRECTION( '', ( -1.00000000000000, -0.000000000000000, -0.000000000000000 ) );
#3124 = DIRECTION( '', ( 0.000000000000000, 1.00000000000000, 0.000000000000000 ) );
#3125 = CARTESIAN_POINT( '', ( 0.000000000000000, -5.42101086242752E-17, -7.58941520739853E-16 ) );
#3126 = DIRECTION( '', ( 1.00000000000000, 0.000000000000000, 0.000000000000000 ) );
#3127 = DIRECTION( '', ( 0.000000000000000, 0.000000000000000, -1.00000000000000 ) );
#3128 = DIRECTION( '', ( -1.00000000000000, -0.000000000000000, -0.000000000000000 ) );
#3129 = CARTESIAN_POINT( '', ( 15.3000000000000, -5.42101086242752E-17, -7.58941520739853E-16 ) );
#3130 = DIRECTION( '', ( 1.00000000000000, 0.000000000000000, 0.000000000000000 ) );
#3131 = DIRECTION( '', ( 0.000000000000000, 0.000000000000000, -1.00000000000000 ) );
#3132 = DIRECTION( '', ( 0.000000000000000, 1.00000000000000, 0.000000000000000 ) );
#3133 = DIRECTION( '', ( -1.00000000000000, -0.000000000000000, -0.000000000000000 ) );
#3134 = DIRECTION( '', ( 0.000000000000000, 1.00000000000000, 0.000000000000000 ) );
#3135 = DIRECTION( '', ( 0.000000000000000, 0.000000000000000, 1.00000000000000 ) );
#3136 = DIRECTION( '', ( 0.000000000000000, 0.000000000000000, 1.00000000000000 ) );
#3137 = DIRECTION( '', ( 0.000000000000000, -0.990853614333273, 0.134941153702974 ) );
#3138 = CARTESIAN_POINT( '', ( 0.000000000000000, 2.57109960168004, 2.66162276299046 ) );
#3139 = DIRECTION( '', ( 1.00000000000000, 0.000000000000000, 0.000000000000000 ) );
#3140 = DIRECTION( '', ( 0.000000000000000, 0.000000000000000, -1.00000000000000 ) );
#3141 = CARTESIAN_POINT( '', ( 0.000000000000000, -0.556679299515466, -0.141411154969885 ) );
#3142 = DIRECTION( '', ( 1.00000000000000, 0.000000000000000, 0.000000000000000 ) );
#3143 = DIRECTION( '', ( 0.000000000000000, 0.000000000000000, -1.00000000000000 ) );
#3144 = CARTESIAN_POINT( '', ( 0.000000000000000, 8.09789307770272, -3.46944695195361E-15 ) );
#3145 = DIRECTION( '', ( 1.00000000000000, 0.000000000000000, 0.000000000000000 ) );
#3146 = DIRECTION( '', ( 0.000000000000000, 0.000000000000000, -1.00000000000000 ) );
#3147 = CARTESIAN_POINT( '', ( 0.000000000000000, -0.556679299515482, 0.141411154969897 ) );
#3148 = DIRECTION( '', ( 1.00000000000000, 0.000000000000000, 0.000000000000000 ) );
#3149 = DIRECTION( '', ( 0.000000000000000, 0.000000000000000, -1.00000000000000 ) );
#3150 = CARTESIAN_POINT( '', ( 0.000000000000000, 2.57109960168005, -2.66162276299046 ) );
#3151 = DIRECTION( '', ( 1.00000000000000, 0.000000000000000, 0.000000000000000 ) );
#3152 = DIRECTION( '', ( 0.000000000000000, 0.000000000000000, -1.00000000000000 ) );
#3153 = DIRECTION( '', ( 0.000000000000000, 0.990853614333273, 0.134941153702975 ) );
#3154 = CARTESIAN_POINT( '', ( 0.000000000000000, 0.500000000000000, -2.74183296612723 ) );
#3155 = DIRECTION( '', ( 1.00000000000000, 0.000000000000000, 0.000000000000000 ) );
#3156 = DIRECTION( '', ( 0.000000000000000, 0.000000000000000, -1.00000000000000 ) );
#3157 = DIRECTION( '', ( 0.000000000000000, 0.000000000000000, -1.00000000000000 ) );
#3158 = CARTESIAN_POINT( '', ( 0.000000000000000, 0.499999999999999, 2.74183296612723 ) );
#3159 = DIRECTION( '', ( 1.00000000000000, 0.000000000000000, 0.000000000000000 ) );
#3160 = DIRECTION( '', ( 0.000000000000000, 0.000000000000000, -1.00000000000000 ) );
#3161 = DIRECTION( '', ( 0.000000000000000, 0.000000000000000, 1.00000000000000 ) );
#3162 = DIRECTION( '', ( 0.000000000000000, -1.00000000000000, 0.000000000000000 ) );
#3163 = DIRECTION( '', ( 0.000000000000000, 0.000000000000000, -1.00000000000000 ) );
#3164 = CARTESIAN_POINT( '', ( 24.0000000000000, 0.499999999999999, 2.74183296612723 ) );
#3165 = DIRECTION( '', ( 1.00000000000000, 0.000000000000000, 0.000000000000000 ) );
#3166 = DIRECTION( '', ( 0.000000000000000, 0.000000000000000, -1.00000000000000 ) );
#3167 = DIRECTION( '', ( 0.000000000000000, -0.990853614333273, 0.134941153702974 ) );
#3168 = CARTESIAN_POINT( '', ( 24.0000000000000, 2.57109960168004, 2.66162276299046 ) );
#3169 = DIRECTION( '', ( 1.00000000000000, 0.000000000000000, 0.000000000000000 ) );
#3170 = DIRECTION( '', ( 0.000000000000000, 0.000000000000000, -1.00000000000000 ) );
#3171 = CARTESIAN_POINT( '', ( 24.0000000000000, -0.556679299515466, -0.141411154969885 ) );
#3172 = DIRECTION( '', ( 1.00000000000000, 0.000000000000000, 0.000000000000000 ) );
#3173 = DIRECTION( '', ( 0.000000000000000, 0.000000000000000, -1.00000000000000 ) );
#3174 = CARTESIAN_POINT( '', ( 24.0000000000000, 8.09789307770272, -3.46944695195361E-15 ) );
#3175 = DIRECTION( '', ( 1.00000000000000, 0.000000000000000, 0.000000000000000 ) );
#3176 = DIRECTION( '', ( 0.000000000000000, 0.000000000000000, -1.00000000000000 ) );
#3177 = CARTESIAN_POINT( '', ( 24.0000000000000, -0.556679299515482, 0.141411154969897 ) );
#3178 = DIRECTION( '', ( 1.00000000000000, 0.000000000000000, 0.000000000000000 ) );
#3179 = DIRECTION( '', ( 0.000000000000000, 0.000000000000000, -1.00000000000000 ) );
#3180 = CARTESIAN_POINT( '', ( 24.0000000000000, 2.57109960168005, -2.66162276299046 ) );
#3181 = DIRECTION( '', ( 1.00000000000000, 0.000000000000000, 0.000000000000000 ) );
#3182 = DIRECTION( '', ( 0.000000000000000, 0.000000000000000, -1.00000000000000 ) );
#3183 = DIRECTION( '', ( 0.000000000000000, 0.990853614333273, 0.134941153702975 ) );
#3184 = CARTESIAN_POINT( '', ( 24.0000000000000, 0.500000000000000, -2.74183296612723 ) );
#3185 = DIRECTION( '', ( 1.00000000000000, 0.000000000000000, 0.000000000000000 ) );
#3186 = DIRECTION( '', ( 0.000000000000000, 0.000000000000000, -1.00000000000000 ) );
#3187 = DIRECTION( '', ( 0.000000000000000, 0.000000000000000, -1.00000000000000 ) );
#3188 = DIRECTION( '', ( 0.000000000000000, 1.00000000000000, 0.000000000000000 ) );
#3189 = DIRECTION( '', ( -1.00000000000000, -0.000000000000000, -0.000000000000000 ) );
#3190 = CARTESIAN_POINT( '', ( 1.00000000000000, 2.57109960168004, 2.66162276299046 ) );
#3191 = DIRECTION( '', ( 1.00000000000000, 0.000000000000000, 0.000000000000000 ) );
#3192 = DIRECTION( '', ( 0.000000000000000, 0.000000000000000, -1.00000000000000 ) );
#3193 = DIRECTION( '', ( -1.00000000000000, -0.000000000000000, -0.000000000000000 ) );
#3194 = CARTESIAN_POINT( '', ( 20.0000000000000, 2.70000000000000, 0.000000000000000 ) );
#3195 = DIRECTION( '', ( 0.000000000000000, -1.00000000000000, -0.000000000000000 ) );
#3196 = DIRECTION( '', ( 0.000000000000000, 0.000000000000000, -1.00000000000000 ) );
#3197 = CARTESIAN_POINT( '', ( 5.00000000000000, 2.70000000000000, 0.000000000000000 ) );
#3198 = DIRECTION( '', ( 0.000000000000000, -1.00000000000000, -0.000000000000000 ) );
#3199 = DIRECTION( '', ( 0.000000000000000, 0.000000000000000, -1.00000000000000 ) );
#3200 = DIRECTION( '', ( -1.00000000000000, -0.000000000000000, -0.000000000000000 ) );
#3201 = DIRECTION( '', ( -0.000000000000000, 0.000000000000000, 1.00000000000000 ) );
#3202 = DIRECTION( '', ( -1.00000000000000, -0.000000000000000, -0.000000000000000 ) );
#3203 = DIRECTION( '', ( -0.000000000000000, 0.000000000000000, 1.00000000000000 ) );
#3204 = DIRECTION( '', ( -1.00000000000000, -0.000000000000000, -0.000000000000000 ) );
#3205 = DIRECTION( '', ( 0.000000000000000, 0.000000000000000, 1.00000000000000 ) );
#3206 = DIRECTION( '', ( -1.00000000000000, -0.000000000000000, -0.000000000000000 ) );
#3207 = DIRECTION( '', ( -0.000000000000000, 0.000000000000000, 1.00000000000000 ) );
#3208 = DIRECTION( '', ( -1.00000000000000, -0.000000000000000, -0.000000000000000 ) );
#3209 = DIRECTION( '', ( -0.000000000000000, 0.000000000000000, 1.00000000000000 ) );
#3210 = DIRECTION( '', ( -1.00000000000000, -0.000000000000000, -0.000000000000000 ) );
#3211 = DIRECTION( '', ( 0.000000000000000, -1.00000000000000, 0.000000000000000 ) );
#3212 = DIRECTION( '', ( -1.00000000000000, -0.000000000000000, -0.000000000000000 ) );
#3213 = DIRECTION( '', ( 0.000000000000000, -1.00000000000000, 0.000000000000000 ) );
#3214 = DIRECTION( '', ( 0.000000000000000, -1.00000000000000, 0.000000000000000 ) );
#3215 = DIRECTION( '', ( 0.000000000000000, -1.00000000000000, 0.000000000000000 ) );
#3216 = DIRECTION( '', ( -1.00000000000000, -0.000000000000000, -0.000000000000000 ) );
#3217 = DIRECTION( '', ( 0.000000000000000, -1.00000000000000, 0.000000000000000 ) );
#3218 = CARTESIAN_POINT( '', ( 5.00000000000000, 2.45650000000000, 0.000000000000000 ) );
#3219 = DIRECTION( '', ( 0.000000000000000, -1.00000000000000, -0.000000000000000 ) );
#3220 = DIRECTION( '', ( 0.000000000000000, 0.000000000000000, -1.00000000000000 ) );
#3221 = CARTESIAN_POINT( '', ( 5.00000000000000, 0.243500000000000, 0.000000000000000 ) );
#3222 = DIRECTION( '', ( 0.000000000000000, -1.00000000000000, -0.000000000000000 ) );
#3223 = DIRECTION( '', ( 0.000000000000000, 0.000000000000000, -1.00000000000000 ) );
#3224 = DIRECTION( '', ( 0.000000000000000, -0.990853614333273, 0.134941153702974 ) );
#3225 = CARTESIAN_POINT( '', ( 25.0000000000000, 0.499999999999999, 2.74183296612723 ) );
#3226 = DIRECTION( '', ( 1.00000000000000, 0.000000000000000, 0.000000000000000 ) );
#3227 = DIRECTION( '', ( 0.000000000000000, 0.000000000000000, -1.00000000000000 ) );
#3228 = DIRECTION( '', ( 0.000000000000000, 0.000000000000000, -1.00000000000000 ) );
#3229 = CARTESIAN_POINT( '', ( 25.0000000000000, 0.500000000000000, -2.74183296612723 ) );
#3230 = DIRECTION( '', ( 1.00000000000000, 0.000000000000000, 0.000000000000000 ) );
#3231 = DIRECTION( '', ( 0.000000000000000, 0.000000000000000, -1.00000000000000 ) );
#3232 = DIRECTION( '', ( 0.000000000000000, 0.990853614333273, 0.134941153702975 ) );
#3233 = CARTESIAN_POINT( '', ( 25.0000000000000, 2.57109960168005, -2.66162276299046 ) );
#3234 = DIRECTION( '', ( 1.00000000000000, 0.000000000000000, 0.000000000000000 ) );
#3235 = DIRECTION( '', ( 0.000000000000000, 0.000000000000000, -1.00000000000000 ) );
#3236 = CARTESIAN_POINT( '', ( 25.0000000000000, -0.556679299515482, 0.141411154969897 ) );
#3237 = DIRECTION( '', ( 1.00000000000000, 0.000000000000000, 0.000000000000000 ) );
#3238 = DIRECTION( '', ( 0.000000000000000, 0.000000000000000, -1.00000000000000 ) );
#3239 = CARTESIAN_POINT( '', ( 25.0000000000000, 8.09789307770272, -3.46944695195361E-15 ) );
#3240 = DIRECTION( '', ( 1.00000000000000, 0.000000000000000, 0.000000000000000 ) );
#3241 = DIRECTION( '', ( 0.000000000000000, 0.000000000000000, -1.00000000000000 ) );
#3242 = CARTESIAN_POINT( '', ( 25.0000000000000, -0.556679299515466, -0.141411154969885 ) );
#3243 = DIRECTION( '', ( 1.00000000000000, 0.000000000000000, 0.000000000000000 ) );
#3244 = DIRECTION( '', ( 0.000000000000000, 0.000000000000000, -1.00000000000000 ) );
#3245 = CARTESIAN_POINT( '', ( 25.0000000000000, 2.57109960168004, 2.66162276299046 ) );
#3246 = DIRECTION( '', ( 1.00000000000000, 0.000000000000000, 0.000000000000000 ) );
#3247 = DIRECTION( '', ( 0.000000000000000, 0.000000000000000, -1.00000000000000 ) );
#3248 = DIRECTION( '', ( -1.00000000000000, -0.000000000000000, -0.000000000000000 ) );
#3249 = DIRECTION( '', ( -1.00000000000000, -0.000000000000000, -0.000000000000000 ) );
#3250 = DIRECTION( '', ( -1.00000000000000, -0.000000000000000, -0.000000000000000 ) );
#3251 = DIRECTION( '', ( -1.00000000000000, -0.000000000000000, -0.000000000000000 ) );
#3252 = DIRECTION( '', ( -1.00000000000000, -0.000000000000000, -0.000000000000000 ) );
#3253 = DIRECTION( '', ( -1.00000000000000, -0.000000000000000, -0.000000000000000 ) );
#3254 = DIRECTION( '', ( -1.00000000000000, -0.000000000000000, -0.000000000000000 ) );
#3255 = DIRECTION( '', ( -1.00000000000000, -0.000000000000000, -0.000000000000000 ) );
#3256 = DIRECTION( '', ( 0.000000000000000, 0.000000000000000, -1.00000000000000 ) );
#3257 = DIRECTION( '', ( -1.00000000000000, -0.000000000000000, -0.000000000000000 ) );
#3258 = DIRECTION( '', ( -1.00000000000000, -0.000000000000000, -0.000000000000000 ) );
#3259 = DIRECTION( '', ( 0.000000000000000, 1.00000000000000, 0.000000000000000 ) );
#3260 = DIRECTION( '', ( 0.000000000000000, 0.000000000000000, -1.00000000000000 ) );
#3261 = CARTESIAN_POINT( '', ( 1.00000000000000, 0.500000000000000, -2.74183296612723 ) );
#3262 = DIRECTION( '', ( 1.00000000000000, 0.000000000000000, 0.000000000000000 ) );
#3263 = DIRECTION( '', ( 0.000000000000000, 0.000000000000000, -1.00000000000000 ) );
#3264 = DIRECTION( '', ( 0.000000000000000, 0.990853614333273, 0.134941153702975 ) );
#3265 = CARTESIAN_POINT( '', ( 1.00000000000000, 2.57109960168005, -2.66162276299046 ) );
#3266 = DIRECTION( '', ( 1.00000000000000, 0.000000000000000, 0.000000000000000 ) );
#3267 = DIRECTION( '', ( 0.000000000000000, 0.000000000000000, -1.00000000000000 ) );
#3268 = CARTESIAN_POINT( '', ( 1.00000000000000, -0.556679299515482, 0.141411154969897 ) );
#3269 = DIRECTION( '', ( 1.00000000000000, 0.000000000000000, 0.000000000000000 ) );
#3270 = DIRECTION( '', ( 0.000000000000000, 0.000000000000000, -1.00000000000000 ) );
#3271 = CARTESIAN_POINT( '', ( 1.00000000000000, 8.09789307770272, -3.46944695195361E-15 ) );
#3272 = DIRECTION( '', ( 1.00000000000000, 0.000000000000000, 0.000000000000000 ) );
#3273 = DIRECTION( '', ( 0.000000000000000, 0.000000000000000, -1.00000000000000 ) );
#3274 = CARTESIAN_POINT( '', ( 1.00000000000000, -0.556679299515466, -0.141411154969885 ) );
#3275 = DIRECTION( '', ( 1.00000000000000, 0.000000000000000, 0.000000000000000 ) );
#3276 = DIRECTION( '', ( 0.000000000000000, 0.000000000000000, -1.00000000000000 ) );
#3277 = DIRECTION( '', ( 0.000000000000000, -0.990853614333273, 0.134941153702974 ) );
#3278 = CARTESIAN_POINT( '', ( 1.00000000000000, 0.499999999999999, 2.74183296612723 ) );
#3279 = DIRECTION( '', ( 1.00000000000000, 0.000000000000000, 0.000000000000000 ) );
#3280 = DIRECTION( '', ( 0.000000000000000, 0.000000000000000, -1.00000000000000 ) );
#3281 = DIRECTION( '', ( 0.000000000000000, 0.000000000000000, -1.00000000000000 ) );
#3282 = DIRECTION( '', ( -1.00000000000000, -0.000000000000000, -0.000000000000000 ) );
#3283 = DIRECTION( '', ( 0.000000000000000, 0.000000000000000, -1.00000000000000 ) );
#3284 = DIRECTION( '', ( 0.000000000000000, 1.00000000000000, 0.000000000000000 ) );
#3285 = DIRECTION( '', ( 0.000000000000000, 0.000000000000000, -1.00000000000000 ) );
#3286 = DIRECTION( '', ( 0.000000000000000, 0.000000000000000, -1.00000000000000 ) );
#3287 = DIRECTION( '', ( 0.000000000000000, 1.00000000000000, 0.000000000000000 ) );
#3288 = DIRECTION( '', ( -1.00000000000000, -0.000000000000000, -0.000000000000000 ) );
#3289 = DIRECTION( '', ( 0.000000000000000, 1.00000000000000, 0.000000000000000 ) );
#3290 = DIRECTION( '', ( -1.00000000000000, -0.000000000000000, -0.000000000000000 ) );
#3291 = DIRECTION( '', ( 0.000000000000000, 1.00000000000000, 0.000000000000000 ) );
#3292 = CARTESIAN_POINT( '', ( 20.0000000000000, 0.000000000000000, 0.000000000000000 ) );
#3293 = DIRECTION( '', ( 0.000000000000000, -1.00000000000000, -0.000000000000000 ) );
#3294 = DIRECTION( '', ( 0.000000000000000, 0.000000000000000, -1.00000000000000 ) );
#3295 = CARTESIAN_POINT( '', ( 5.00000000000000, 0.000000000000000, 0.000000000000000 ) );
#3296 = DIRECTION( '', ( 0.000000000000000, -1.00000000000000, -0.000000000000000 ) );
#3297 = DIRECTION( '', ( 0.000000000000000, 0.000000000000000, -1.00000000000000 ) );
#3298 = CARTESIAN_POINT( '', ( 20.1500000000000, 1.79999999999999, -2.75000000000000 ) );
#3299 = DIRECTION( '', ( 1.00000000000000, 0.000000000000000, 0.000000000000000 ) );
#3300 = DIRECTION( '', ( 0.000000000000000, 0.000000000000000, -1.00000000000000 ) );
#3301 = CARTESIAN_POINT( '', ( 4.85000000000000, 1.79999999999999, -2.75000000000000 ) );
#3302 = DIRECTION( '', ( 1.00000000000000, 0.000000000000000, 0.000000000000000 ) );
#3303 = DIRECTION( '', ( 0.000000000000000, 0.000000000000000, -1.00000000000000 ) );
#3304 = CARTESIAN_POINT( '', ( 20.1500000000000, 1.80000000000000, 2.75000000000000 ) );
#3305 = DIRECTION( '', ( 1.00000000000000, 0.000000000000000, 0.000000000000000 ) );
#3306 = DIRECTION( '', ( 0.000000000000000, 0.000000000000000, -1.00000000000000 ) );
#3307 = CARTESIAN_POINT( '', ( 4.85000000000000, 1.80000000000000, 2.75000000000000 ) );
#3308 = DIRECTION( '', ( 1.00000000000000, 0.000000000000000, 0.000000000000000 ) );
#3309 = DIRECTION( '', ( 0.000000000000000, 0.000000000000000, -1.00000000000000 ) );
#3310 = CARTESIAN_POINT( '', ( 20.0000000000000, 0.243500000000000, 0.000000000000000 ) );
#3311 = DIRECTION( '', ( 0.000000000000000, -1.00000000000000, -0.000000000000000 ) );
#3312 = DIRECTION( '', ( 0.000000000000000, 0.000000000000000, -1.00000000000000 ) );
#3313 = CARTESIAN_POINT( '', ( 20.0000000000000, 2.45650000000000, 0.000000000000000 ) );
#3314 = DIRECTION( '', ( 0.000000000000000, -1.00000000000000, -0.000000000000000 ) );
#3315 = DIRECTION( '', ( 0.000000000000000, 0.000000000000000, -1.00000000000000 ) );
#3316 = DIRECTION( '', ( -1.00000000000000, -0.000000000000000, -0.000000000000000 ) );
#3317 = DIRECTION( '', ( -1.00000000000000, -0.000000000000000, -0.000000000000000 ) );
#3318 = DIRECTION( '', ( -1.00000000000000, -0.000000000000000, -0.000000000000000 ) );
#3319 = DIRECTION( '', ( -1.00000000000000, -0.000000000000000, -0.000000000000000 ) );
#3320 = DIRECTION( '', ( -1.00000000000000, -0.000000000000000, -0.000000000000000 ) );
#3321 = DIRECTION( '', ( -1.00000000000000, -0.000000000000000, -0.000000000000000 ) );
#3322 = DIRECTION( '', ( -1.00000000000000, -0.000000000000000, -0.000000000000000 ) );
ENDSEC;
END-ISO-10303-21;
